order_item_id,order_id,product_id,quantity,unit_price,line_total
1,1,41,4,784.04,3136.16
2,1,10,4,438.33,1753.32
3,2,45,2,127.75,255.5
4,2,17,4,467.35,1869.4
5,2,71,1,488.9,488.9
6,2,76,1,539.8,539.8
7,2,24,2,372.05,744.1
8,3,22,2,113.39,226.78
9,3,21,3,258.21,774.63
10,3,42,3,359.05,1077.15
11,4,33,2,703.72,1407.44
12,5,36,1,176.4,176.4
13,5,17,2,467.35,934.7
14,5,39,2,511.08,1022.16
15,5,79,2,679.93,1359.86
16,5,69,3,95.64,286.92
17,6,6,2,344.18,688.36
18,6,4,4,309.39,1237.56
19,6,11,1,55.16,55.16
20,6,74,4,11.34,45.36
21,6,34,3,712.87,2138.61
22,7,62,3,28.69,86.07
23,7,32,4,746.09,2984.36
24,7,52,1,602.09,602.09
25,8,21,4,258.21,1032.84
26,9,62,2,28.69,57.38
27,9,60,3,167.66,502.98
28,9,27,3,64.35,193.05
29,9,44,3,756.59,2269.77
30,10,17,1,467.35,467.35
31,10,48,3,298.07,894.21
32,10,66,2,752.0,1504.0
33,10,72,4,314.3,1257.2
34,11,35,4,132.8,531.2
35,12,19,1,456.53,456.53
36,12,13,3,54.93,164.79
37,13,79,3,679.93,2039.79
38,13,54,3,335.71,1007.13
39,13,32,2,746.09,1492.18
40,13,21,2,258.21,516.42
41,14,66,4,752.0,3008.0
42,14,60,1,167.66,167.66
43,14,64,1,230.51,230.51
44,14,40,4,12.8,51.2
45,15,59,1,40.59,40.59
46,15,31,1,16.18,16.18
47,15,28,3,235.14,705.42
48,15,75,4,578.35,2313.4
49,15,46,4,301.68,1206.72
50,16,69,4,95.64,382.56
51,16,2,2,331.07,662.14
52,16,14,3,682.56,2047.68
53,17,52,4,602.09,2408.36
54,17,47,1,349.53,349.53
55,17,6,2,344.18,688.36
56,18,71,4,488.9,1955.6
57,18,37,4,553.12,2212.48
58,18,10,3,438.33,1314.99
59,19,79,3,679.93,2039.79
60,19,16,3,104.71,314.13
61,19,17,3,467.35,1402.05
62,19,13,2,54.93,109.86
63,19,51,2,452.31,904.62
64,20,66,2,752.0,1504.0
65,20,52,3,602.09,1806.27
66,20,65,4,325.75,1303.0
67,20,6,4,344.18,1376.72
68,20,5,2,741.95,1483.9
69,21,66,2,752.0,1504.0
70,21,18,4,74.77,299.08
71,21,42,3,359.05,1077.15
72,21,79,3,679.93,2039.79
73,21,41,4,784.04,3136.16
74,22,39,1,511.08,511.08
75,22,61,4,251.1,1004.4
76,22,3,3,693.07,2079.21
77,22,48,1,298.07,298.07
78,22,43,4,453.12,1812.48
79,23,75,1,578.35,578.35
80,23,74,4,11.34,45.36
81,23,30,2,787.24,1574.48
82,24,80,1,247.25,247.25
83,24,49,2,292.67,585.34
84,24,19,1,456.53,456.53
85,24,32,4,746.09,2984.36
86,24,5,3,741.95,2225.85
87,25,20,4,216.0,864.0
88,25,53,1,138.38,138.38
89,25,27,2,64.35,128.7
90,25,65,2,325.75,651.5
91,26,42,2,359.05,718.1
92,26,62,4,28.69,114.76
93,26,68,3,770.4,2311.2
94,26,49,3,292.67,878.01
95,26,41,3,784.04,2352.12
96,27,62,3,28.69,86.07
97,27,25,2,67.88,135.76
98,27,32,3,746.09,2238.27
99,27,36,3,176.4,529.2
100,27,72,2,314.3,628.6
101,28,41,3,784.04,2352.12
102,28,62,3,28.69,86.07
103,28,45,1,127.75,127.75
104,28,72,4,314.3,1257.2
105,29,45,3,127.75,383.25
106,29,19,1,456.53,456.53
107,29,38,3,395.94,1187.82
108,29,6,4,344.18,1376.72
109,30,62,3,28.69,86.07
110,30,28,3,235.14,705.42
111,30,26,2,219.51,439.02
112,31,79,2,679.93,1359.86
113,32,7,2,449.06,898.12
114,32,68,2,770.4,1540.8
115,33,13,4,54.93,219.72
116,34,61,1,251.1,251.1
117,34,13,2,54.93,109.86
118,34,18,4,74.77,299.08
119,35,62,3,28.69,86.07
120,35,26,1,219.51,219.51
121,35,37,1,553.12,553.12
122,35,42,2,359.05,718.1
123,36,5,2,741.95,1483.9
124,36,23,3,371.21,1113.63
125,36,54,1,335.71,335.71
126,36,51,1,452.31,452.31
127,36,64,3,230.51,691.53
128,37,78,4,270.86,1083.44
129,37,14,2,682.56,1365.12
130,37,43,4,453.12,1812.48
131,37,37,3,553.12,1659.36
132,37,59,2,40.59,81.18
133,38,43,2,453.12,906.24
134,39,33,3,703.72,2111.16
135,39,24,2,372.05,744.1
136,39,2,2,331.07,662.14
137,39,44,4,756.59,3026.36
138,40,66,1,752.0,752.0
139,40,42,2,359.05,718.1
140,40,12,2,407.25,814.5
141,40,52,4,602.09,2408.36
142,41,32,4,746.09,2984.36
143,41,1,2,775.51,1551.02
144,41,34,4,712.87,2851.48
145,42,43,1,453.12,453.12
146,42,39,3,511.08,1533.24
147,42,75,3,578.35,1735.05
148,43,8,4,132.29,529.16
149,43,16,3,104.71,314.13
150,44,52,3,602.09,1806.27
151,44,65,1,325.75,325.75
152,45,48,2,298.07,596.14
153,45,79,2,679.93,1359.86
154,45,29,4,439.14,1756.56
155,46,59,3,40.59,121.77
156,46,78,4,270.86,1083.44
157,47,61,1,251.1,251.1
158,47,69,4,95.64,382.56
159,47,28,3,235.14,705.42
160,47,32,1,746.09,746.09
161,47,77,1,65.28,65.28
162,48,71,2,488.9,977.8
163,49,69,4,95.64,382.56
164,49,20,1,216.0,216.0
165,49,22,2,113.39,226.78
166,49,42,4,359.05,1436.2
167,49,67,1,776.62,776.62
168,50,58,4,564.01,2256.04
169,50,8,4,132.29,529.16
170,50,59,1,40.59,40.59
171,50,17,4,467.35,1869.4
172,50,66,3,752.0,2256.0
173,51,51,3,452.31,1356.93
174,52,28,1,235.14,235.14
175,53,55,3,740.34,2221.02
176,54,70,1,585.55,585.55
177,55,61,1,251.1,251.1
178,56,53,4,138.38,553.52
179,56,24,3,372.05,1116.15
180,56,18,4,74.77,299.08
181,57,49,3,292.67,878.01
182,57,11,1,55.16,55.16
183,57,70,2,585.55,1171.1
184,57,18,4,74.77,299.08
185,58,17,4,467.35,1869.4
186,58,29,4,439.14,1756.56
187,58,1,4,775.51,3102.04
188,58,3,2,693.07,1386.14
189,58,39,2,511.08,1022.16
190,59,45,1,127.75,127.75
191,59,20,1,216.0,216.0
192,59,36,4,176.4,705.6
193,59,25,1,67.88,67.88
194,60,27,1,64.35,64.35
195,60,9,1,775.28,775.28
196,61,77,4,65.28,261.12
197,61,7,4,449.06,1796.24
198,61,32,2,746.09,1492.18
199,61,6,2,344.18,688.36
200,62,18,3,74.77,224.31
201,63,74,3,11.34,34.02
202,63,41,2,784.04,1568.08
203,64,19,4,456.53,1826.12
204,64,67,3,776.62,2329.86
205,64,29,3,439.14,1317.42
206,65,72,2,314.3,628.6
207,66,72,4,314.3,1257.2
208,66,64,3,230.51,691.53
209,66,7,4,449.06,1796.24
210,66,45,4,127.75,511.0
211,67,39,2,511.08,1022.16
212,67,49,4,292.67,1170.68
213,68,29,2,439.14,878.28
214,68,39,4,511.08,2044.32
215,69,72,4,314.3,1257.2
216,70,72,2,314.3,628.6
217,70,68,3,770.4,2311.2
218,70,18,2,74.77,149.54
219,70,50,3,536.88,1610.64
220,71,58,3,564.01,1692.03
221,72,69,2,95.64,191.28
222,73,35,4,132.8,531.2
223,74,78,2,270.86,541.72
224,74,6,4,344.18,1376.72
225,74,10,2,438.33,876.66
226,74,25,3,67.88,203.64
227,74,76,3,539.8,1619.4
228,75,28,2,235.14,470.28
229,76,62,2,28.69,57.38
230,77,27,3,64.35,193.05
231,77,51,4,452.31,1809.24
232,77,31,4,16.18,64.72
233,77,71,3,488.9,1466.7
234,77,42,3,359.05,1077.15
235,78,47,4,349.53,1398.12
236,78,66,1,752.0,752.0
237,78,64,4,230.51,922.04
238,79,27,4,64.35,257.4
239,79,48,1,298.07,298.07
240,79,41,2,784.04,1568.08
241,80,3,4,693.07,2772.28
242,80,34,3,712.87,2138.61
243,81,26,2,219.51,439.02
244,81,43,4,453.12,1812.48
245,82,32,4,746.09,2984.36
246,82,64,4,230.51,922.04
247,82,71,4,488.9,1955.6
248,82,44,2,756.59,1513.18
249,82,33,3,703.72,2111.16
250,83,18,4,74.77,299.08
251,83,70,2,585.55,1171.1
252,84,8,1,132.29,132.29
253,84,68,4,770.4,3081.6
254,84,5,2,741.95,1483.9
255,84,10,2,438.33,876.66
256,84,7,1,449.06,449.06
257,85,2,4,331.07,1324.28
258,85,28,3,235.14,705.42
259,86,80,4,247.25,989.0
260,87,3,4,693.07,2772.28
261,87,1,1,775.51,775.51
262,87,69,1,95.64,95.64
263,87,71,3,488.9,1466.7
264,88,37,1,553.12,553.12
265,88,3,1,693.07,693.07
266,88,65,2,325.75,651.5
267,88,56,2,539.23,1078.46
268,88,23,2,371.21,742.42
269,89,68,1,770.4,770.4
270,89,33,3,703.72,2111.16
271,89,46,4,301.68,1206.72
272,89,35,4,132.8,531.2
273,89,51,2,452.31,904.62
274,90,39,1,511.08,511.08
275,90,11,1,55.16,55.16
276,91,49,1,292.67,292.67
277,91,71,2,488.9,977.8
278,91,61,1,251.1,251.1
279,91,8,4,132.29,529.16
280,92,43,1,453.12,453.12
281,92,73,2,211.23,422.46
282,92,13,2,54.93,109.86
283,92,68,4,770.4,3081.6
284,93,6,1,344.18,344.18
285,93,10,2,438.33,876.66
286,93,36,3,176.4,529.2
287,94,27,2,64.35,128.7
288,95,10,2,438.33,876.66
289,95,39,4,511.08,2044.32
290,95,21,3,258.21,774.63
291,95,73,4,211.23,844.92
292,96,11,3,55.16,165.48
293,96,65,1,325.75,325.75
294,97,56,2,539.23,1078.46
295,98,44,4,756.59,3026.36
296,99,4,4,309.39,1237.56
297,99,35,2,132.8,265.6
298,99,58,3,564.01,1692.03
299,100,49,3,292.67,878.01
300,100,56,2,539.23,1078.46
301,100,24,1,372.05,372.05
302,100,75,1,578.35,578.35
303,100,11,3,55.16,165.48
304,101,49,4,292.67,1170.68
305,101,20,3,216.0,648.0
306,102,14,3,682.56,2047.68
307,102,12,4,407.25,1629.0
308,102,1,3,775.51,2326.53
309,103,14,2,682.56,1365.12
310,103,17,4,467.35,1869.4
311,103,12,4,407.25,1629.0
312,104,72,1,314.3,314.3
313,104,66,3,752.0,2256.0
314,104,53,1,138.38,138.38
315,104,14,3,682.56,2047.68
316,104,4,4,309.39,1237.56
317,105,38,4,395.94,1583.76
318,106,11,2,55.16,110.32
319,106,72,4,314.3,1257.2
320,106,32,2,746.09,1492.18
321,106,74,2,11.34,22.68
322,107,39,2,511.08,1022.16
323,107,35,1,132.8,132.8
324,107,64,2,230.51,461.02
325,108,36,1,176.4,176.4
326,108,54,3,335.71,1007.13
327,108,39,3,511.08,1533.24
328,108,62,2,28.69,57.38
329,109,77,1,65.28,65.28
330,109,79,2,679.93,1359.86
331,109,26,3,219.51,658.53
332,109,59,1,40.59,40.59
333,110,43,3,453.12,1359.36
334,110,80,4,247.25,989.0
335,110,49,2,292.67,585.34
336,110,57,3,206.05,618.15
337,111,78,3,270.86,812.58
338,111,26,2,219.51,439.02
339,111,62,4,28.69,114.76
340,112,38,2,395.94,791.88
341,112,63,3,269.33,807.99
342,112,74,4,11.34,45.36
343,113,51,2,452.31,904.62
344,113,47,2,349.53,699.06
345,113,15,1,63.69,63.69
346,114,27,4,64.35,257.4
347,114,57,4,206.05,824.2
348,114,38,2,395.94,791.88
349,114,9,3,775.28,2325.84
350,115,33,4,703.72,2814.88
351,115,20,4,216.0,864.0
352,116,58,4,564.01,2256.04
353,117,52,1,602.09,602.09
354,117,69,3,95.64,286.92
355,117,65,1,325.75,325.75
356,117,54,1,335.71,335.71
357,117,70,2,585.55,1171.1
358,118,22,4,113.39,453.56
359,118,79,3,679.93,2039.79
360,118,6,4,344.18,1376.72
361,119,2,1,331.07,331.07
362,120,29,2,439.14,878.28
363,120,66,4,752.0,3008.0
364,120,67,3,776.62,2329.86
365,121,60,3,167.66,502.98
366,121,76,1,539.8,539.8
367,121,65,4,325.75,1303.0
368,121,20,1,216.0,216.0
369,122,54,2,335.71,671.42
370,122,11,3,55.16,165.48
371,122,15,3,63.69,191.07
372,123,59,4,40.59,162.36
373,123,27,3,64.35,193.05
374,123,67,4,776.62,3106.48
375,124,57,4,206.05,824.2
376,125,9,1,775.28,775.28
377,125,39,1,511.08,511.08
378,125,6,3,344.18,1032.54
379,126,22,2,113.39,226.78
380,127,23,4,371.21,1484.84
381,127,71,4,488.9,1955.6
382,127,21,2,258.21,516.42
383,127,43,4,453.12,1812.48
384,127,72,2,314.3,628.6
385,128,56,1,539.23,539.23
386,128,51,2,452.31,904.62
387,129,76,2,539.8,1079.6
388,129,55,2,740.34,1480.68
389,129,50,3,536.88,1610.64
390,129,1,1,775.51,775.51
391,130,14,2,682.56,1365.12
392,130,69,4,95.64,382.56
393,130,24,1,372.05,372.05
394,130,47,3,349.53,1048.59
395,130,42,4,359.05,1436.2
396,131,41,1,784.04,784.04
397,131,77,3,65.28,195.84
398,131,50,3,536.88,1610.64
399,131,79,4,679.93,2719.72
400,131,51,2,452.31,904.62
401,132,79,2,679.93,1359.86
402,132,76,3,539.8,1619.4
403,132,11,1,55.16,55.16
404,133,40,2,12.8,25.6
405,133,15,3,63.69,191.07
406,134,66,4,752.0,3008.0
407,134,50,2,536.88,1073.76
408,135,50,2,536.88,1073.76
409,135,55,2,740.34,1480.68
410,135,24,4,372.05,1488.2
411,135,63,3,269.33,807.99
412,135,69,2,95.64,191.28
413,136,41,1,784.04,784.04
414,136,58,3,564.01,1692.03
415,137,63,2,269.33,538.66
416,138,50,4,536.88,2147.52
417,138,72,4,314.3,1257.2
418,139,54,1,335.71,335.71
419,139,57,1,206.05,206.05
420,139,63,2,269.33,538.66
421,139,22,3,113.39,340.17
422,140,36,2,176.4,352.8
423,141,37,1,553.12,553.12
424,141,22,1,113.39,113.39
425,141,59,3,40.59,121.77
426,141,73,3,211.23,633.69
427,141,64,1,230.51,230.51
428,142,70,2,585.55,1171.1
429,142,28,3,235.14,705.42
430,142,55,1,740.34,740.34
431,142,14,4,682.56,2730.24
432,143,45,1,127.75,127.75
433,143,12,2,407.25,814.5
434,143,57,2,206.05,412.1
435,144,45,2,127.75,255.5
436,144,79,2,679.93,1359.86
437,144,55,1,740.34,740.34
438,144,22,3,113.39,340.17
439,144,18,3,74.77,224.31
440,145,69,3,95.64,286.92
441,145,22,1,113.39,113.39
442,145,42,2,359.05,718.1
443,145,38,4,395.94,1583.76
444,145,74,1,11.34,11.34
445,146,17,3,467.35,1402.05
446,146,32,2,746.09,1492.18
447,146,19,4,456.53,1826.12
448,147,19,4,456.53,1826.12
449,147,74,4,11.34,45.36
450,147,35,1,132.8,132.8
451,147,54,1,335.71,335.71
452,148,66,4,752.0,3008.0
453,148,36,3,176.4,529.2
454,148,48,1,298.07,298.07
455,148,59,1,40.59,40.59
456,149,46,2,301.68,603.36
457,149,9,4,775.28,3101.12
458,149,69,2,95.64,191.28
459,149,51,4,452.31,1809.24
460,150,42,2,359.05,718.1
461,150,37,4,553.12,2212.48
462,150,44,3,756.59,2269.77
463,151,6,1,344.18,344.18
464,152,3,4,693.07,2772.28
465,152,16,1,104.71,104.71
466,152,21,4,258.21,1032.84
467,152,57,2,206.05,412.1
468,153,39,3,511.08,1533.24
469,153,21,1,258.21,258.21
470,154,33,2,703.72,1407.44
471,154,11,1,55.16,55.16
472,154,48,4,298.07,1192.28
473,155,30,1,787.24,787.24
474,155,55,1,740.34,740.34
475,155,12,2,407.25,814.5
476,156,10,4,438.33,1753.32
477,156,17,1,467.35,467.35
478,156,76,1,539.8,539.8
479,156,29,3,439.14,1317.42
480,157,55,2,740.34,1480.68
481,158,10,1,438.33,438.33
482,158,30,1,787.24,787.24
483,158,50,3,536.88,1610.64
484,158,12,3,407.25,1221.75
485,159,18,1,74.77,74.77
486,159,49,1,292.67,292.67
487,159,19,2,456.53,913.06
488,160,45,4,127.75,511.0
489,160,28,2,235.14,470.28
490,160,20,1,216.0,216.0
491,160,53,1,138.38,138.38
492,161,16,4,104.71,418.84
493,161,76,3,539.8,1619.4
494,162,41,1,784.04,784.04
495,162,18,2,74.77,149.54
496,162,32,3,746.09,2238.27
497,162,36,1,176.4,176.4
498,163,27,2,64.35,128.7
499,163,67,4,776.62,3106.48
500,163,78,3,270.86,812.58
501,164,31,4,16.18,64.72
502,165,15,1,63.69,63.69
503,165,31,1,16.18,16.18
504,165,64,3,230.51,691.53
505,165,77,3,65.28,195.84
506,166,50,4,536.88,2147.52
507,166,73,3,211.23,633.69
508,167,23,1,371.21,371.21
509,167,61,1,251.1,251.1
510,167,10,3,438.33,1314.99
511,167,3,2,693.07,1386.14
512,167,76,1,539.8,539.8
513,168,51,3,452.31,1356.93
514,169,54,2,335.71,671.42
515,169,55,3,740.34,2221.02
516,169,52,1,602.09,602.09
517,169,11,3,55.16,165.48
518,169,69,1,95.64,95.64
519,170,27,1,64.35,64.35
520,170,20,3,216.0,648.0
521,170,69,4,95.64,382.56
522,170,42,2,359.05,718.1
523,170,51,1,452.31,452.31
524,171,12,1,407.25,407.25
525,171,56,4,539.23,2156.92
526,172,78,1,270.86,270.86
527,172,8,2,132.29,264.58
528,172,40,1,12.8,12.8
529,172,23,2,371.21,742.42
530,172,16,4,104.71,418.84
531,173,67,3,776.62,2329.86
532,173,34,2,712.87,1425.74
533,173,22,3,113.39,340.17
534,174,4,3,309.39,928.17
535,175,35,1,132.8,132.8
536,175,68,4,770.4,3081.6
537,175,9,4,775.28,3101.12
538,175,34,3,712.87,2138.61
539,176,64,2,230.51,461.02
540,177,21,1,258.21,258.21
541,177,33,2,703.72,1407.44
542,177,14,1,682.56,682.56
543,178,2,2,331.07,662.14
544,179,61,3,251.1,753.3
545,180,20,4,216.0,864.0
546,180,23,2,371.21,742.42
547,180,5,3,741.95,2225.85
548,180,71,2,488.9,977.8
549,181,41,3,784.04,2352.12
550,181,35,1,132.8,132.8
551,181,10,1,438.33,438.33
552,181,74,2,11.34,22.68
553,182,67,4,776.62,3106.48
554,182,6,1,344.18,344.18
555,183,37,4,553.12,2212.48
556,183,40,1,12.8,12.8
557,183,42,3,359.05,1077.15
558,183,12,2,407.25,814.5
559,184,73,2,211.23,422.46
560,184,39,4,511.08,2044.32
561,184,80,3,247.25,741.75
562,185,64,1,230.51,230.51
563,185,26,4,219.51,878.04
564,185,70,1,585.55,585.55
565,185,32,2,746.09,1492.18
566,185,20,3,216.0,648.0
567,186,43,1,453.12,453.12
568,187,40,2,12.8,25.6
569,187,14,4,682.56,2730.24
570,187,27,4,64.35,257.4
571,187,68,1,770.4,770.4
572,188,36,1,176.4,176.4
573,188,12,2,407.25,814.5
574,189,53,1,138.38,138.38
575,189,48,2,298.07,596.14
576,189,59,4,40.59,162.36
577,189,11,1,55.16,55.16
578,189,75,1,578.35,578.35
579,190,17,3,467.35,1402.05
580,190,31,4,16.18,64.72
581,190,38,3,395.94,1187.82
582,190,34,3,712.87,2138.61
583,191,35,2,132.8,265.6
584,191,30,1,787.24,787.24
585,191,10,2,438.33,876.66
586,191,26,1,219.51,219.51
587,192,58,3,564.01,1692.03
588,192,60,4,167.66,670.64
589,193,69,3,95.64,286.92
590,194,58,4,564.01,2256.04
591,194,40,3,12.8,38.4
592,195,12,2,407.25,814.5
593,196,78,3,270.86,812.58
594,196,6,2,344.18,688.36
595,196,28,1,235.14,235.14
596,197,46,1,301.68,301.68
597,197,51,3,452.31,1356.93
598,198,23,4,371.21,1484.84
599,198,4,2,309.39,618.78
600,198,52,1,602.09,602.09
601,199,14,1,682.56,682.56
602,199,18,2,74.77,149.54
603,199,16,2,104.71,209.42
604,199,2,2,331.07,662.14
605,200,48,3,298.07,894.21
606,200,11,1,55.16,55.16
607,200,75,1,578.35,578.35
608,200,76,1,539.8,539.8
609,201,57,1,206.05,206.05
610,201,17,3,467.35,1402.05
611,202,6,4,344.18,1376.72
612,203,22,4,113.39,453.56
613,204,64,2,230.51,461.02
614,204,4,3,309.39,928.17
615,204,49,2,292.67,585.34
616,204,55,2,740.34,1480.68
617,205,36,1,176.4,176.4
618,205,58,2,564.01,1128.02
619,205,20,3,216.0,648.0
620,206,53,1,138.38,138.38
621,206,71,3,488.9,1466.7
622,206,62,4,28.69,114.76
623,206,8,2,132.29,264.58
624,207,26,1,219.51,219.51
625,207,68,4,770.4,3081.6
626,207,32,3,746.09,2238.27
627,207,70,4,585.55,2342.2
628,208,63,4,269.33,1077.32
629,208,45,3,127.75,383.25
630,208,73,2,211.23,422.46
631,208,65,1,325.75,325.75
632,208,42,3,359.05,1077.15
633,209,29,3,439.14,1317.42
634,209,4,2,309.39,618.78
635,209,36,2,176.4,352.8
636,209,8,1,132.29,132.29
637,209,61,2,251.1,502.2
638,210,35,1,132.8,132.8
639,210,69,2,95.64,191.28
640,211,50,3,536.88,1610.64
641,211,46,3,301.68,905.04
642,211,23,1,371.21,371.21
643,211,31,3,16.18,48.54
644,211,76,2,539.8,1079.6
645,212,25,4,67.88,271.52
646,212,64,1,230.51,230.51
647,212,70,1,585.55,585.55
648,212,40,1,12.8,12.8
649,212,23,2,371.21,742.42
650,213,29,3,439.14,1317.42
651,213,3,2,693.07,1386.14
652,213,68,2,770.4,1540.8
653,213,62,3,28.69,86.07
654,213,1,2,775.51,1551.02
655,214,8,2,132.29,264.58
656,214,3,1,693.07,693.07
657,214,19,3,456.53,1369.59
658,215,48,4,298.07,1192.28
659,216,13,2,54.93,109.86
660,216,44,4,756.59,3026.36
661,216,39,4,511.08,2044.32
662,216,42,3,359.05,1077.15
663,216,18,2,74.77,149.54
664,217,79,4,679.93,2719.72
665,217,46,3,301.68,905.04
666,217,29,3,439.14,1317.42
667,217,76,2,539.8,1079.6
668,217,23,2,371.21,742.42
669,218,74,4,11.34,45.36
670,219,5,2,741.95,1483.9
671,219,24,1,372.05,372.05
672,219,78,4,270.86,1083.44
673,219,41,2,784.04,1568.08
674,219,79,3,679.93,2039.79
675,220,31,3,16.18,48.54
676,221,22,4,113.39,453.56
677,221,12,1,407.25,407.25
678,221,43,3,453.12,1359.36
679,222,32,3,746.09,2238.27
680,222,9,3,775.28,2325.84
681,223,1,1,775.51,775.51
682,224,57,4,206.05,824.2
683,224,54,4,335.71,1342.84
684,224,22,3,113.39,340.17
685,224,53,4,138.38,553.52
686,225,62,2,28.69,57.38
687,226,58,1,564.01,564.01
688,226,10,3,438.33,1314.99
689,227,41,3,784.04,2352.12
690,228,10,3,438.33,1314.99
691,229,49,1,292.67,292.67
692,229,21,1,258.21,258.21
693,230,77,1,65.28,65.28
694,230,79,4,679.93,2719.72
695,230,62,2,28.69,57.38
696,231,56,2,539.23,1078.46
697,231,21,2,258.21,516.42
698,231,7,4,449.06,1796.24
699,231,13,3,54.93,164.79
700,231,43,3,453.12,1359.36
701,232,31,4,16.18,64.72
702,232,13,4,54.93,219.72
703,232,7,2,449.06,898.12
704,233,47,1,349.53,349.53
705,234,12,2,407.25,814.5
706,234,38,1,395.94,395.94
707,234,77,1,65.28,65.28
708,234,62,2,28.69,57.38
709,235,38,4,395.94,1583.76
710,235,11,1,55.16,55.16
711,236,51,3,452.31,1356.93
712,236,61,1,251.1,251.1
713,236,63,4,269.33,1077.32
714,237,48,3,298.07,894.21
715,237,49,2,292.67,585.34
716,238,6,3,344.18,1032.54
717,238,34,2,712.87,1425.74
718,238,57,3,206.05,618.15
719,238,60,1,167.66,167.66
720,239,13,3,54.93,164.79
721,239,11,4,55.16,220.64
722,240,30,4,787.24,3148.96
723,240,71,4,488.9,1955.6
724,240,8,2,132.29,264.58
725,240,50,4,536.88,2147.52
726,240,67,3,776.62,2329.86
727,241,51,1,452.31,452.31
728,242,74,4,11.34,45.36
729,242,67,2,776.62,1553.24
730,242,80,2,247.25,494.5
731,242,19,2,456.53,913.06
732,242,16,2,104.71,209.42
733,243,6,1,344.18,344.18
734,243,55,4,740.34,2961.36
735,244,19,3,456.53,1369.59
736,244,77,3,65.28,195.84
737,245,12,4,407.25,1629.0
738,246,51,4,452.31,1809.24
739,246,71,1,488.9,488.9
740,246,42,4,359.05,1436.2
741,246,36,1,176.4,176.4
742,246,67,4,776.62,3106.48
743,247,19,1,456.53,456.53
744,247,73,1,211.23,211.23
745,248,13,3,54.93,164.79
746,248,37,4,553.12,2212.48
747,248,69,4,95.64,382.56
748,248,45,4,127.75,511.0
749,248,53,1,138.38,138.38
750,249,36,2,176.4,352.8
751,249,52,4,602.09,2408.36
752,250,51,3,452.31,1356.93
753,251,7,3,449.06,1347.18
754,251,61,3,251.1,753.3
755,252,44,3,756.59,2269.77
756,253,36,2,176.4,352.8
757,253,63,2,269.33,538.66
758,253,13,3,54.93,164.79
759,254,42,1,359.05,359.05
760,254,35,2,132.8,265.6
761,254,54,4,335.71,1342.84
762,254,78,2,270.86,541.72
763,255,63,2,269.33,538.66
764,255,67,1,776.62,776.62
765,255,48,3,298.07,894.21
766,255,8,4,132.29,529.16
767,256,68,1,770.4,770.4
768,256,73,2,211.23,422.46
769,257,26,2,219.51,439.02
770,257,8,1,132.29,132.29
771,258,7,3,449.06,1347.18
772,258,47,4,349.53,1398.12
773,258,26,4,219.51,878.04
774,258,36,1,176.4,176.4
775,259,31,3,16.18,48.54
776,260,77,3,65.28,195.84
777,260,58,3,564.01,1692.03
778,260,23,2,371.21,742.42
779,260,61,3,251.1,753.3
780,261,37,1,553.12,553.12
781,262,7,2,449.06,898.12
782,262,21,2,258.21,516.42
783,262,74,2,11.34,22.68
784,262,28,3,235.14,705.42
785,263,66,2,752.0,1504.0
786,263,3,2,693.07,1386.14
787,263,2,1,331.07,331.07
788,263,61,2,251.1,502.2
789,264,78,4,270.86,1083.44
790,264,40,4,12.8,51.2
791,264,36,3,176.4,529.2
792,265,33,4,703.72,2814.88
793,265,28,1,235.14,235.14
794,265,60,1,167.66,167.66
795,265,39,3,511.08,1533.24
796,266,77,4,65.28,261.12
797,266,78,1,270.86,270.86
798,266,37,3,553.12,1659.36
799,266,39,3,511.08,1533.24
800,266,14,3,682.56,2047.68
801,267,34,2,712.87,1425.74
802,267,39,2,511.08,1022.16
803,267,25,1,67.88,67.88
804,268,52,3,602.09,1806.27
805,268,41,3,784.04,2352.12
806,268,18,4,74.77,299.08
807,268,4,4,309.39,1237.56
808,268,64,4,230.51,922.04
809,269,75,2,578.35,1156.7
810,270,29,3,439.14,1317.42
811,270,69,3,95.64,286.92
812,270,61,2,251.1,502.2
813,271,24,3,372.05,1116.15
814,271,38,2,395.94,791.88
815,271,13,3,54.93,164.79
816,271,61,1,251.1,251.1
817,271,17,2,467.35,934.7
818,272,29,3,439.14,1317.42
819,272,40,3,12.8,38.4
820,272,54,3,335.71,1007.13
821,273,38,1,395.94,395.94
822,273,60,4,167.66,670.64
823,273,16,2,104.71,209.42
824,273,61,1,251.1,251.1
825,273,7,4,449.06,1796.24
826,274,39,2,511.08,1022.16
827,274,53,3,138.38,415.14
828,274,7,4,449.06,1796.24
829,274,20,4,216.0,864.0
830,274,18,2,74.77,149.54
831,275,24,3,372.05,1116.15
832,275,11,2,55.16,110.32
833,275,63,3,269.33,807.99
834,276,1,4,775.51,3102.04
835,277,27,2,64.35,128.7
836,277,22,4,113.39,453.56
837,277,74,1,11.34,11.34
838,278,79,4,679.93,2719.72
839,278,56,4,539.23,2156.92
840,279,62,2,28.69,57.38
841,279,50,3,536.88,1610.64
842,279,1,1,775.51,775.51
843,279,5,3,741.95,2225.85
844,280,25,3,67.88,203.64
845,280,3,3,693.07,2079.21
846,280,1,2,775.51,1551.02
847,280,32,1,746.09,746.09
848,280,29,4,439.14,1756.56
849,281,76,3,539.8,1619.4
850,281,40,3,12.8,38.4
851,281,22,4,113.39,453.56
852,281,9,3,775.28,2325.84
853,281,6,4,344.18,1376.72
854,282,44,3,756.59,2269.77
855,282,63,2,269.33,538.66
856,283,52,2,602.09,1204.18
857,283,3,2,693.07,1386.14
858,284,28,2,235.14,470.28
859,284,3,1,693.07,693.07
860,285,5,1,741.95,741.95
861,285,49,1,292.67,292.67
862,285,33,1,703.72,703.72
863,286,7,1,449.06,449.06
864,287,57,3,206.05,618.15
865,287,49,4,292.67,1170.68
866,287,16,2,104.71,209.42
867,287,71,2,488.9,977.8
868,288,39,4,511.08,2044.32
869,289,67,3,776.62,2329.86
870,290,78,1,270.86,270.86
871,290,18,3,74.77,224.31
872,290,54,1,335.71,335.71
873,290,14,1,682.56,682.56
874,290,66,4,752.0,3008.0
875,291,78,3,270.86,812.58
876,291,26,2,219.51,439.02
877,292,53,1,138.38,138.38
878,292,38,4,395.94,1583.76
879,292,21,2,258.21,516.42
880,293,43,1,453.12,453.12
881,293,31,1,16.18,16.18
882,293,1,4,775.51,3102.04
883,293,2,2,331.07,662.14
884,294,66,1,752.0,752.0
885,295,33,2,703.72,1407.44
886,296,38,1,395.94,395.94
887,296,34,2,712.87,1425.74
888,296,60,1,167.66,167.66
889,296,7,3,449.06,1347.18
890,297,41,1,784.04,784.04
891,297,55,1,740.34,740.34
892,297,15,1,63.69,63.69
893,298,22,3,113.39,340.17
894,298,43,4,453.12,1812.48
895,299,35,1,132.8,132.8
896,299,12,4,407.25,1629.0
897,299,48,4,298.07,1192.28
898,299,44,4,756.59,3026.36
899,299,24,3,372.05,1116.15
900,300,62,2,28.69,57.38
901,300,54,1,335.71,335.71
902,300,22,2,113.39,226.78
903,300,15,1,63.69,63.69
904,301,76,2,539.8,1079.6
905,301,62,4,28.69,114.76
906,301,73,3,211.23,633.69
907,301,57,1,206.05,206.05
908,302,62,1,28.69,28.69
909,302,63,4,269.33,1077.32
910,303,6,1,344.18,344.18
911,303,9,2,775.28,1550.56
912,303,34,3,712.87,2138.61
913,303,41,1,784.04,784.04
914,304,32,2,746.09,1492.18
915,304,62,1,28.69,28.69
916,304,45,1,127.75,127.75
917,304,50,2,536.88,1073.76
918,305,61,3,251.1,753.3
919,305,64,2,230.51,461.02
920,305,22,3,113.39,340.17
921,305,10,3,438.33,1314.99
922,305,63,1,269.33,269.33
923,306,29,1,439.14,439.14
924,306,71,4,488.9,1955.6
925,306,49,4,292.67,1170.68
926,306,52,4,602.09,2408.36
927,306,31,1,16.18,16.18
928,307,58,1,564.01,564.01
929,307,41,1,784.04,784.04
930,307,16,4,104.71,418.84
931,307,64,4,230.51,922.04
932,308,72,1,314.3,314.3
933,309,78,3,270.86,812.58
934,310,72,1,314.3,314.3
935,310,27,2,64.35,128.7
936,310,59,4,40.59,162.36
937,310,44,3,756.59,2269.77
938,310,47,4,349.53,1398.12
939,311,58,2,564.01,1128.02
940,311,15,1,63.69,63.69
941,311,13,3,54.93,164.79
942,312,38,3,395.94,1187.82
943,312,71,1,488.9,488.9
944,312,67,1,776.62,776.62
945,313,64,4,230.51,922.04
946,313,18,1,74.77,74.77
947,314,79,1,679.93,679.93
948,314,26,4,219.51,878.04
949,314,25,2,67.88,135.76
950,315,25,1,67.88,67.88
951,315,44,1,756.59,756.59
952,315,14,4,682.56,2730.24
953,315,54,4,335.71,1342.84
954,316,65,1,325.75,325.75
955,316,18,4,74.77,299.08
956,316,64,4,230.51,922.04
957,316,1,2,775.51,1551.02
958,316,68,2,770.4,1540.8
959,317,14,3,682.56,2047.68
960,317,50,4,536.88,2147.52
961,318,78,3,270.86,812.58
962,318,32,3,746.09,2238.27
963,318,36,4,176.4,705.6
964,318,51,2,452.31,904.62
965,319,53,3,138.38,415.14
966,319,78,3,270.86,812.58
967,320,28,3,235.14,705.42
968,320,26,2,219.51,439.02
969,320,27,2,64.35,128.7
970,320,80,3,247.25,741.75
971,320,38,1,395.94,395.94
972,321,72,4,314.3,1257.2
973,321,62,3,28.69,86.07
974,321,75,4,578.35,2313.4
975,322,67,1,776.62,776.62
976,323,49,2,292.67,585.34
977,324,8,2,132.29,264.58
978,325,21,2,258.21,516.42
979,325,37,1,553.12,553.12
980,325,33,3,703.72,2111.16
981,326,70,3,585.55,1756.65
982,326,5,4,741.95,2967.8
983,327,79,2,679.93,1359.86
984,328,50,4,536.88,2147.52
985,328,31,4,16.18,64.72
986,328,66,4,752.0,3008.0
987,328,37,3,553.12,1659.36
988,328,7,1,449.06,449.06
989,329,33,2,703.72,1407.44
990,330,57,2,206.05,412.1
991,330,29,2,439.14,878.28
992,330,48,3,298.07,894.21
993,330,76,4,539.8,2159.2
994,330,70,2,585.55,1171.1
995,331,24,2,372.05,744.1
996,332,16,3,104.71,314.13
997,332,49,2,292.67,585.34
998,332,6,2,344.18,688.36
999,332,55,3,740.34,2221.02
1000,332,36,1,176.4,176.4
1001,333,60,2,167.66,335.32
1002,333,20,3,216.0,648.0
1003,333,6,1,344.18,344.18
1004,334,39,1,511.08,511.08
1005,334,63,3,269.33,807.99
1006,334,74,2,11.34,22.68
1007,334,71,2,488.9,977.8
1008,334,46,1,301.68,301.68
1009,335,21,1,258.21,258.21
1010,335,54,3,335.71,1007.13
1011,335,70,2,585.55,1171.1
1012,335,69,2,95.64,191.28
1013,335,52,3,602.09,1806.27
1014,336,47,4,349.53,1398.12
1015,336,38,1,395.94,395.94
1016,336,28,1,235.14,235.14
1017,337,58,2,564.01,1128.02
1018,337,31,1,16.18,16.18
1019,337,79,3,679.93,2039.79
1020,338,15,3,63.69,191.07
1021,338,50,1,536.88,536.88
1022,338,33,3,703.72,2111.16
1023,338,70,4,585.55,2342.2
1024,339,6,1,344.18,344.18
1025,339,38,1,395.94,395.94
1026,339,25,2,67.88,135.76
1027,339,42,1,359.05,359.05
1028,340,27,2,64.35,128.7
1029,341,14,1,682.56,682.56
1030,341,27,2,64.35,128.7
1031,341,69,1,95.64,95.64
1032,341,56,4,539.23,2156.92
1033,342,5,1,741.95,741.95
1034,342,12,2,407.25,814.5
1035,342,10,3,438.33,1314.99
1036,343,10,4,438.33,1753.32
1037,343,74,4,11.34,45.36
1038,343,30,4,787.24,3148.96
1039,343,34,4,712.87,2851.48
1040,343,53,3,138.38,415.14
1041,344,50,1,536.88,536.88
1042,345,1,1,775.51,775.51
1043,345,80,3,247.25,741.75
1044,345,9,1,775.28,775.28
1045,345,75,3,578.35,1735.05
1046,345,6,3,344.18,1032.54
1047,346,12,1,407.25,407.25
1048,346,37,4,553.12,2212.48
1049,346,57,2,206.05,412.1
1050,346,49,2,292.67,585.34
1051,346,51,2,452.31,904.62
1052,347,70,3,585.55,1756.65
1053,347,38,1,395.94,395.94
1054,347,19,2,456.53,913.06
1055,347,39,1,511.08,511.08
1056,348,1,4,775.51,3102.04
1057,349,71,2,488.9,977.8
1058,349,11,4,55.16,220.64
1059,349,40,2,12.8,25.6
1060,349,27,2,64.35,128.7
1061,349,45,2,127.75,255.5
1062,350,79,2,679.93,1359.86
1063,350,33,1,703.72,703.72
1064,351,73,4,211.23,844.92
1065,351,7,1,449.06,449.06
1066,352,9,2,775.28,1550.56
1067,352,33,4,703.72,2814.88
1068,352,13,3,54.93,164.79
1069,353,17,3,467.35,1402.05
1070,353,31,1,16.18,16.18
1071,353,13,2,54.93,109.86
1072,354,63,3,269.33,807.99
1073,354,58,2,564.01,1128.02
1074,354,43,3,453.12,1359.36
1075,355,55,3,740.34,2221.02
1076,355,22,2,113.39,226.78
1077,355,1,2,775.51,1551.02
1078,356,36,4,176.4,705.6
1079,356,47,4,349.53,1398.12
1080,356,18,4,74.77,299.08
1081,356,43,3,453.12,1359.36
1082,357,63,2,269.33,538.66
1083,357,71,1,488.9,488.9
1084,357,14,3,682.56,2047.68
1085,358,69,3,95.64,286.92
1086,358,26,1,219.51,219.51
1087,359,3,1,693.07,693.07
1088,360,75,3,578.35,1735.05
1089,360,52,4,602.09,2408.36
1090,360,76,2,539.8,1079.6
1091,360,28,3,235.14,705.42
1092,360,5,4,741.95,2967.8
1093,361,76,2,539.8,1079.6
1094,361,38,4,395.94,1583.76
1095,362,66,1,752.0,752.0
1096,362,12,2,407.25,814.5
1097,362,51,2,452.31,904.62
1098,362,47,2,349.53,699.06
1099,362,65,4,325.75,1303.0
1100,363,23,2,371.21,742.42
1101,363,73,4,211.23,844.92
1102,364,6,2,344.18,688.36
1103,364,29,1,439.14,439.14
1104,364,63,3,269.33,807.99
1105,365,30,3,787.24,2361.72
1106,365,6,4,344.18,1376.72
1107,365,27,4,64.35,257.4
1108,366,6,3,344.18,1032.54
1109,366,42,3,359.05,1077.15
1110,366,14,2,682.56,1365.12
1111,366,67,4,776.62,3106.48
1112,367,47,3,349.53,1048.59
1113,367,76,4,539.8,2159.2
1114,367,10,2,438.33,876.66
1115,367,67,4,776.62,3106.48
1116,368,45,1,127.75,127.75
1117,368,63,2,269.33,538.66
1118,368,62,4,28.69,114.76
1119,369,30,3,787.24,2361.72
1120,369,10,2,438.33,876.66
1121,370,24,3,372.05,1116.15
1122,370,21,1,258.21,258.21
1123,371,54,1,335.71,335.71
1124,371,43,4,453.12,1812.48
1125,372,62,4,28.69,114.76
1126,372,27,1,64.35,64.35
1127,372,76,2,539.8,1079.6
1128,372,21,1,258.21,258.21
1129,373,74,2,11.34,22.68
1130,373,76,2,539.8,1079.6
1131,374,6,3,344.18,1032.54
1132,374,74,2,11.34,22.68
1133,374,19,4,456.53,1826.12
1134,374,8,1,132.29,132.29
1135,374,22,3,113.39,340.17
1136,375,28,4,235.14,940.56
1137,376,61,2,251.1,502.2
1138,376,62,2,28.69,57.38
1139,376,22,3,113.39,340.17
1140,376,29,2,439.14,878.28
1141,376,53,3,138.38,415.14
1142,377,77,4,65.28,261.12
1143,377,76,4,539.8,2159.2
1144,377,9,2,775.28,1550.56
1145,377,30,1,787.24,787.24
1146,378,26,4,219.51,878.04
1147,379,78,2,270.86,541.72
1148,379,13,4,54.93,219.72
1149,380,77,1,65.28,65.28
1150,380,5,4,741.95,2967.8
1151,380,69,2,95.64,191.28
1152,380,65,1,325.75,325.75
1153,380,16,4,104.71,418.84
1154,381,54,2,335.71,671.42
1155,381,48,4,298.07,1192.28
1156,381,6,4,344.18,1376.72
1157,381,68,3,770.4,2311.2
1158,381,55,1,740.34,740.34
1159,382,18,1,74.77,74.77
1160,382,33,3,703.72,2111.16
1161,382,62,4,28.69,114.76
1162,382,30,3,787.24,2361.72
1163,383,1,1,775.51,775.51
1164,383,74,1,11.34,11.34
1165,384,27,1,64.35,64.35
1166,384,41,2,784.04,1568.08
1167,384,53,4,138.38,553.52
1168,384,47,3,349.53,1048.59
1169,385,69,3,95.64,286.92
1170,385,55,3,740.34,2221.02
1171,385,73,4,211.23,844.92
1172,386,53,4,138.38,553.52
1173,386,71,2,488.9,977.8
1174,387,72,3,314.3,942.9
1175,387,62,3,28.69,86.07
1176,387,33,4,703.72,2814.88
1177,388,16,4,104.71,418.84
1178,388,30,2,787.24,1574.48
1179,389,28,4,235.14,940.56
1180,390,71,2,488.9,977.8
1181,390,79,4,679.93,2719.72
1182,390,7,1,449.06,449.06
1183,391,19,4,456.53,1826.12
1184,392,56,3,539.23,1617.69
1185,392,12,1,407.25,407.25
1186,392,9,1,775.28,775.28
1187,392,34,4,712.87,2851.48
1188,392,29,4,439.14,1756.56
1189,393,67,4,776.62,3106.48
1190,393,37,4,553.12,2212.48
1191,393,77,1,65.28,65.28
1192,393,8,2,132.29,264.58
1193,393,23,3,371.21,1113.63
1194,394,5,2,741.95,1483.9
1195,394,77,2,65.28,130.56
1196,395,47,2,349.53,699.06
1197,396,21,1,258.21,258.21
1198,397,52,4,602.09,2408.36
1199,397,46,2,301.68,603.36
1200,397,51,1,452.31,452.31
1201,398,12,3,407.25,1221.75
1202,399,75,2,578.35,1156.7
1203,399,45,4,127.75,511.0
1204,399,36,4,176.4,705.6
1205,399,29,1,439.14,439.14
1206,399,78,3,270.86,812.58
1207,400,53,1,138.38,138.38
1208,400,65,1,325.75,325.75
1209,401,38,3,395.94,1187.82
1210,401,44,4,756.59,3026.36
1211,401,15,4,63.69,254.76
1212,401,66,4,752.0,3008.0
1213,401,33,2,703.72,1407.44
1214,402,59,4,40.59,162.36
1215,402,76,1,539.8,539.8
1216,402,4,3,309.39,928.17
1217,403,49,2,292.67,585.34
1218,404,41,3,784.04,2352.12
1219,404,53,1,138.38,138.38
1220,405,32,4,746.09,2984.36
1221,405,37,3,553.12,1659.36
1222,405,12,1,407.25,407.25
1223,406,23,3,371.21,1113.63
1224,406,61,2,251.1,502.2
1225,406,41,2,784.04,1568.08
1226,406,46,4,301.68,1206.72
1227,406,28,2,235.14,470.28
1228,407,31,2,16.18,32.36
1229,407,34,2,712.87,1425.74
1230,408,32,3,746.09,2238.27
1231,408,80,2,247.25,494.5
1232,409,16,1,104.71,104.71
1233,410,79,4,679.93,2719.72
1234,410,1,3,775.51,2326.53
1235,410,70,3,585.55,1756.65
1236,410,6,4,344.18,1376.72
1237,411,36,2,176.4,352.8
1238,411,63,2,269.33,538.66
1239,411,24,1,372.05,372.05
1240,411,66,4,752.0,3008.0
1241,411,51,4,452.31,1809.24
1242,412,5,4,741.95,2967.8
1243,412,65,1,325.75,325.75
1244,412,45,4,127.75,511.0
1245,412,51,3,452.31,1356.93
1246,412,23,1,371.21,371.21
1247,413,27,4,64.35,257.4
1248,414,13,2,54.93,109.86
1249,414,42,3,359.05,1077.15
1250,414,47,2,349.53,699.06
1251,414,79,3,679.93,2039.79
1252,414,34,4,712.87,2851.48
1253,415,44,2,756.59,1513.18
1254,415,47,4,349.53,1398.12
1255,415,24,3,372.05,1116.15
1256,415,64,3,230.51,691.53
1257,415,55,4,740.34,2961.36
1258,416,58,2,564.01,1128.02
1259,416,24,2,372.05,744.1
1260,416,74,1,11.34,11.34
1261,417,31,4,16.18,64.72
1262,417,72,2,314.3,628.6
1263,417,56,2,539.23,1078.46
1264,418,61,2,251.1,502.2
1265,418,2,4,331.07,1324.28
1266,419,18,4,74.77,299.08
1267,419,67,3,776.62,2329.86
1268,419,69,3,95.64,286.92
1269,419,41,1,784.04,784.04
1270,420,13,3,54.93,164.79
1271,420,21,4,258.21,1032.84
1272,420,8,1,132.29,132.29
1273,420,28,4,235.14,940.56
1274,421,34,3,712.87,2138.61
1275,421,47,3,349.53,1048.59
1276,421,72,1,314.3,314.3
1277,422,16,2,104.71,209.42
1278,422,45,3,127.75,383.25
1279,422,78,3,270.86,812.58
1280,422,26,3,219.51,658.53
1281,423,63,3,269.33,807.99
1282,423,58,4,564.01,2256.04
1283,423,11,2,55.16,110.32
1284,423,49,2,292.67,585.34
1285,423,79,3,679.93,2039.79
1286,424,79,1,679.93,679.93
1287,424,74,2,11.34,22.68
1288,424,52,3,602.09,1806.27
1289,424,10,2,438.33,876.66
1290,425,41,4,784.04,3136.16
1291,425,38,3,395.94,1187.82
1292,425,35,4,132.8,531.2
1293,426,76,4,539.8,2159.2
1294,426,67,2,776.62,1553.24
1295,426,58,2,564.01,1128.02
1296,427,17,2,467.35,934.7
1297,428,11,4,55.16,220.64
1298,428,27,1,64.35,64.35
1299,428,22,1,113.39,113.39
1300,429,61,1,251.1,251.1
1301,430,51,1,452.31,452.31
1302,431,34,2,712.87,1425.74
1303,432,50,3,536.88,1610.64
1304,433,32,4,746.09,2984.36
1305,433,37,2,553.12,1106.24
1306,434,68,1,770.4,770.4
1307,434,22,1,113.39,113.39
1308,435,42,3,359.05,1077.15
1309,435,61,4,251.1,1004.4
1310,435,60,2,167.66,335.32
1311,436,23,4,371.21,1484.84
1312,436,76,3,539.8,1619.4
1313,436,77,3,65.28,195.84
1314,436,59,4,40.59,162.36
1315,436,73,2,211.23,422.46
1316,437,57,3,206.05,618.15
1317,438,53,3,138.38,415.14
1318,438,34,1,712.87,712.87
1319,438,20,1,216.0,216.0
1320,439,18,1,74.77,74.77
1321,439,45,4,127.75,511.0
1322,439,37,4,553.12,2212.48
1323,439,61,3,251.1,753.3
1324,439,69,1,95.64,95.64
1325,440,38,3,395.94,1187.82
1326,440,77,2,65.28,130.56
1327,440,30,4,787.24,3148.96
1328,440,1,4,775.51,3102.04
1329,441,32,2,746.09,1492.18
1330,441,21,3,258.21,774.63
1331,441,50,1,536.88,536.88
1332,441,49,4,292.67,1170.68
1333,442,67,3,776.62,2329.86
1334,442,79,3,679.93,2039.79
1335,443,35,2,132.8,265.6
1336,443,53,3,138.38,415.14
1337,443,25,1,67.88,67.88
1338,443,9,4,775.28,3101.12
1339,443,24,4,372.05,1488.2
1340,444,80,3,247.25,741.75
1341,444,63,1,269.33,269.33
1342,444,25,2,67.88,135.76
1343,445,69,1,95.64,95.64
1344,446,14,3,682.56,2047.68
1345,446,37,2,553.12,1106.24
1346,447,2,1,331.07,331.07
1347,447,30,4,787.24,3148.96
1348,447,12,2,407.25,814.5
1349,447,20,3,216.0,648.0
1350,448,40,1,12.8,12.8
1351,448,64,3,230.51,691.53
1352,448,48,1,298.07,298.07
1353,448,60,2,167.66,335.32
1354,449,35,4,132.8,531.2
1355,450,70,4,585.55,2342.2
1356,451,25,4,67.88,271.52
1357,451,33,1,703.72,703.72
1358,452,32,4,746.09,2984.36
1359,453,32,1,746.09,746.09
1360,453,5,2,741.95,1483.9
1361,453,26,4,219.51,878.04
1362,453,59,4,40.59,162.36
1363,454,42,1,359.05,359.05
1364,454,21,3,258.21,774.63
1365,454,6,4,344.18,1376.72
1366,455,26,2,219.51,439.02
1367,455,47,1,349.53,349.53
1368,455,7,2,449.06,898.12
1369,456,42,1,359.05,359.05
1370,456,2,4,331.07,1324.28
1371,456,22,2,113.39,226.78
1372,456,36,1,176.4,176.4
1373,457,75,4,578.35,2313.4
1374,458,20,4,216.0,864.0
1375,458,48,1,298.07,298.07
1376,458,12,3,407.25,1221.75
1377,458,32,1,746.09,746.09
1378,458,21,1,258.21,258.21
1379,459,20,2,216.0,432.0
1380,459,69,4,95.64,382.56
1381,459,14,2,682.56,1365.12
1382,460,72,2,314.3,628.6
1383,460,45,1,127.75,127.75
1384,460,57,4,206.05,824.2
1385,461,18,4,74.77,299.08
1386,461,33,4,703.72,2814.88
1387,461,6,3,344.18,1032.54
1388,462,63,3,269.33,807.99
1389,462,25,3,67.88,203.64
1390,462,73,4,211.23,844.92
1391,462,24,3,372.05,1116.15
1392,462,70,2,585.55,1171.1
1393,463,68,2,770.4,1540.8
1394,464,38,4,395.94,1583.76
1395,464,34,1,712.87,712.87
1396,464,70,4,585.55,2342.2
1397,464,47,2,349.53,699.06
1398,465,80,3,247.25,741.75
1399,466,31,2,16.18,32.36
1400,466,42,4,359.05,1436.2
1401,466,9,2,775.28,1550.56
1402,466,69,3,95.64,286.92
1403,466,50,3,536.88,1610.64
1404,467,42,1,359.05,359.05
1405,467,15,1,63.69,63.69
1406,467,13,2,54.93,109.86
1407,467,67,2,776.62,1553.24
1408,468,26,1,219.51,219.51
1409,469,25,4,67.88,271.52
1410,469,13,4,54.93,219.72
1411,469,5,3,741.95,2225.85
1412,469,74,1,11.34,11.34
1413,470,29,1,439.14,439.14
1414,470,78,2,270.86,541.72
1415,470,10,4,438.33,1753.32
1416,471,60,1,167.66,167.66
1417,472,72,1,314.3,314.3
1418,472,54,3,335.71,1007.13
1419,472,48,1,298.07,298.07
1420,473,39,1,511.08,511.08
1421,474,67,1,776.62,776.62
1422,474,13,2,54.93,109.86
1423,475,50,2,536.88,1073.76
1424,475,25,4,67.88,271.52
1425,475,68,1,770.4,770.4
1426,475,32,3,746.09,2238.27
1427,475,73,4,211.23,844.92
1428,476,14,4,682.56,2730.24
1429,476,22,3,113.39,340.17
1430,476,24,2,372.05,744.1
1431,476,71,4,488.9,1955.6
1432,477,41,3,784.04,2352.12
1433,477,71,4,488.9,1955.6
1434,477,42,4,359.05,1436.2
1435,478,78,2,270.86,541.72
1436,478,31,4,16.18,64.72
1437,478,73,3,211.23,633.69
1438,479,58,1,564.01,564.01
1439,479,51,3,452.31,1356.93
1440,479,1,1,775.51,775.51
1441,480,18,3,74.77,224.31
1442,480,39,1,511.08,511.08
1443,480,1,3,775.51,2326.53
1444,480,29,2,439.14,878.28
1445,480,28,1,235.14,235.14
1446,481,59,3,40.59,121.77
1447,482,18,3,74.77,224.31
1448,482,34,2,712.87,1425.74
1449,483,33,1,703.72,703.72
1450,483,39,4,511.08,2044.32
1451,484,28,4,235.14,940.56
1452,484,10,1,438.33,438.33
1453,484,42,3,359.05,1077.15
1454,484,62,1,28.69,28.69
1455,484,23,4,371.21,1484.84
1456,485,8,3,132.29,396.87
1457,486,56,2,539.23,1078.46
1458,486,54,1,335.71,335.71
1459,486,16,4,104.71,418.84
1460,487,40,1,12.8,12.8
1461,488,70,3,585.55,1756.65
1462,488,73,2,211.23,422.46
1463,488,20,2,216.0,432.0
1464,489,51,4,452.31,1809.24
1465,490,74,3,11.34,34.02
1466,490,65,4,325.75,1303.0
1467,490,12,2,407.25,814.5
1468,490,29,2,439.14,878.28
1469,490,56,3,539.23,1617.69
1470,491,61,1,251.1,251.1
1471,492,52,2,602.09,1204.18
1472,492,34,2,712.87,1425.74
1473,492,11,4,55.16,220.64
1474,492,65,2,325.75,651.5
1475,492,56,4,539.23,2156.92
1476,493,74,2,11.34,22.68
1477,493,26,2,219.51,439.02
1478,493,72,1,314.3,314.3
1479,493,79,3,679.93,2039.79
1480,494,42,4,359.05,1436.2
1481,494,74,4,11.34,45.36
1482,494,12,3,407.25,1221.75
1483,494,15,3,63.69,191.07
1484,495,42,1,359.05,359.05
1485,495,45,3,127.75,383.25
1486,496,45,4,127.75,511.0
1487,496,79,2,679.93,1359.86
1488,497,6,2,344.18,688.36
1489,497,30,1,787.24,787.24
1490,497,26,1,219.51,219.51
1491,497,48,1,298.07,298.07
1492,498,80,3,247.25,741.75
1493,498,19,1,456.53,456.53
1494,499,15,4,63.69,254.76
1495,499,40,1,12.8,12.8
1496,499,58,3,564.01,1692.03
1497,500,69,2,95.64,191.28
1498,500,28,3,235.14,705.42
1499,501,62,1,28.69,28.69
1500,501,80,3,247.25,741.75
1501,501,19,2,456.53,913.06
1502,501,3,1,693.07,693.07
1503,501,49,3,292.67,878.01
1504,502,80,1,247.25,247.25
1505,502,35,4,132.8,531.2
1506,503,9,4,775.28,3101.12
1507,504,47,3,349.53,1048.59
1508,504,14,4,682.56,2730.24
1509,504,3,2,693.07,1386.14
1510,505,66,1,752.0,752.0
1511,505,13,2,54.93,109.86
1512,505,41,2,784.04,1568.08
1513,505,63,4,269.33,1077.32
1514,506,3,3,693.07,2079.21
1515,506,6,4,344.18,1376.72
1516,506,32,4,746.09,2984.36
1517,506,68,2,770.4,1540.8
1518,506,40,1,12.8,12.8
1519,507,46,3,301.68,905.04
1520,507,39,1,511.08,511.08
1521,507,31,3,16.18,48.54
1522,508,4,2,309.39,618.78
1523,508,72,3,314.3,942.9
1524,508,36,4,176.4,705.6
1525,508,29,2,439.14,878.28
1526,509,49,2,292.67,585.34
1527,510,31,3,16.18,48.54
1528,510,74,3,11.34,34.02
1529,510,20,4,216.0,864.0
1530,510,55,2,740.34,1480.68
1531,511,18,2,74.77,149.54
1532,511,75,2,578.35,1156.7
1533,512,68,2,770.4,1540.8
1534,512,18,2,74.77,149.54
1535,512,56,3,539.23,1617.69
1536,513,72,1,314.3,314.3
1537,514,41,1,784.04,784.04
1538,514,19,3,456.53,1369.59
1539,515,53,2,138.38,276.76
1540,515,39,2,511.08,1022.16
1541,515,57,1,206.05,206.05
1542,515,36,2,176.4,352.8
1543,516,4,3,309.39,928.17
1544,516,79,2,679.93,1359.86
1545,517,30,2,787.24,1574.48
1546,517,4,4,309.39,1237.56
1547,517,46,3,301.68,905.04
1548,517,11,2,55.16,110.32
1549,517,62,4,28.69,114.76
1550,518,61,2,251.1,502.2
1551,518,18,1,74.77,74.77
1552,518,21,4,258.21,1032.84
1553,518,25,1,67.88,67.88
1554,519,53,2,138.38,276.76
1555,519,29,1,439.14,439.14
1556,519,26,2,219.51,439.02
1557,520,79,2,679.93,1359.86
1558,520,63,4,269.33,1077.32
1559,520,42,4,359.05,1436.2
1560,520,59,1,40.59,40.59
1561,521,49,1,292.67,292.67
1562,521,41,1,784.04,784.04
1563,521,51,4,452.31,1809.24
1564,521,79,4,679.93,2719.72
1565,521,74,1,11.34,11.34
1566,522,67,4,776.62,3106.48
1567,522,69,1,95.64,95.64
1568,523,50,4,536.88,2147.52
1569,523,67,4,776.62,3106.48
1570,523,7,3,449.06,1347.18
1571,523,25,3,67.88,203.64
1572,523,38,4,395.94,1583.76
1573,524,55,1,740.34,740.34
1574,524,38,2,395.94,791.88
1575,525,58,2,564.01,1128.02
1576,525,12,2,407.25,814.5
1577,525,65,4,325.75,1303.0
1578,525,15,4,63.69,254.76
1579,526,58,4,564.01,2256.04
1580,526,4,2,309.39,618.78
1581,526,23,4,371.21,1484.84
1582,527,33,3,703.72,2111.16
1583,528,16,1,104.71,104.71
1584,528,12,4,407.25,1629.0
1585,529,11,2,55.16,110.32
1586,529,68,4,770.4,3081.6
1587,529,50,4,536.88,2147.52
1588,530,22,3,113.39,340.17
1589,531,20,4,216.0,864.0
1590,531,21,3,258.21,774.63
1591,531,19,3,456.53,1369.59
1592,531,23,4,371.21,1484.84
1593,531,7,3,449.06,1347.18
1594,532,16,2,104.71,209.42
1595,532,17,1,467.35,467.35
1596,533,33,1,703.72,703.72
1597,533,2,4,331.07,1324.28
1598,533,59,2,40.59,81.18
1599,533,64,2,230.51,461.02
1600,533,70,4,585.55,2342.2
1601,534,53,1,138.38,138.38
1602,534,57,2,206.05,412.1
1603,534,11,3,55.16,165.48
1604,534,77,2,65.28,130.56
1605,535,24,2,372.05,744.1
1606,536,45,1,127.75,127.75
1607,537,5,3,741.95,2225.85
1608,537,74,3,11.34,34.02
1609,538,7,1,449.06,449.06
1610,539,23,2,371.21,742.42
1611,539,21,4,258.21,1032.84
1612,539,37,3,553.12,1659.36
1613,539,79,1,679.93,679.93
1614,540,39,3,511.08,1533.24
1615,541,49,1,292.67,292.67
1616,541,9,3,775.28,2325.84
1617,541,55,4,740.34,2961.36
1618,542,16,3,104.71,314.13
1619,542,36,4,176.4,705.6
1620,543,27,1,64.35,64.35
1621,543,79,4,679.93,2719.72
1622,543,8,3,132.29,396.87
1623,543,14,4,682.56,2730.24
1624,543,74,3,11.34,34.02
1625,544,68,3,770.4,2311.2
1626,544,74,2,11.34,22.68
1627,544,80,4,247.25,989.0
1628,545,64,2,230.51,461.02
1629,545,24,1,372.05,372.05
1630,545,79,1,679.93,679.93
1631,545,30,1,787.24,787.24
1632,545,38,4,395.94,1583.76
1633,546,27,4,64.35,257.4
1634,547,6,2,344.18,688.36
1635,547,43,1,453.12,453.12
1636,547,45,2,127.75,255.5
1637,547,72,3,314.3,942.9
1638,548,9,3,775.28,2325.84
1639,548,40,1,12.8,12.8
1640,548,39,1,511.08,511.08
1641,549,44,1,756.59,756.59
1642,549,51,2,452.31,904.62
1643,549,73,2,211.23,422.46
1644,550,44,1,756.59,756.59
1645,550,62,2,28.69,57.38
1646,550,61,4,251.1,1004.4
1647,551,59,3,40.59,121.77
1648,551,69,4,95.64,382.56
1649,552,8,3,132.29,396.87
1650,552,67,1,776.62,776.62
1651,552,39,2,511.08,1022.16
1652,552,73,3,211.23,633.69
1653,553,9,1,775.28,775.28
1654,553,20,3,216.0,648.0
1655,553,36,4,176.4,705.6
1656,554,22,1,113.39,113.39
1657,554,74,3,11.34,34.02
1658,554,78,3,270.86,812.58
1659,554,50,1,536.88,536.88
1660,554,24,3,372.05,1116.15
1661,555,12,4,407.25,1629.0
1662,555,64,3,230.51,691.53
1663,555,31,2,16.18,32.36
1664,555,48,3,298.07,894.21
1665,556,15,1,63.69,63.69
1666,556,48,2,298.07,596.14
1667,557,57,1,206.05,206.05
1668,558,65,4,325.75,1303.0
1669,558,20,3,216.0,648.0
1670,558,25,3,67.88,203.64
1671,558,44,2,756.59,1513.18
1672,559,67,2,776.62,1553.24
1673,560,5,4,741.95,2967.8
1674,560,59,1,40.59,40.59
1675,561,40,1,12.8,12.8
1676,562,12,3,407.25,1221.75
1677,562,43,1,453.12,453.12
1678,562,60,3,167.66,502.98
1679,562,6,2,344.18,688.36
1680,562,14,3,682.56,2047.68
1681,563,25,3,67.88,203.64
1682,563,37,3,553.12,1659.36
1683,564,16,3,104.71,314.13
1684,564,35,1,132.8,132.8
1685,564,20,1,216.0,216.0
1686,564,21,1,258.21,258.21
1687,565,70,3,585.55,1756.65
1688,565,45,3,127.75,383.25
1689,566,37,2,553.12,1106.24
1690,566,74,2,11.34,22.68
1691,567,40,3,12.8,38.4
1692,568,57,1,206.05,206.05
1693,568,7,1,449.06,449.06
1694,568,17,4,467.35,1869.4
1695,568,4,1,309.39,309.39
1696,568,61,1,251.1,251.1
1697,569,51,4,452.31,1809.24
1698,569,23,3,371.21,1113.63
1699,569,77,3,65.28,195.84
1700,569,76,3,539.8,1619.4
1701,570,69,4,95.64,382.56
1702,570,11,2,55.16,110.32
1703,571,60,1,167.66,167.66
1704,572,40,2,12.8,25.6
1705,572,60,2,167.66,335.32
1706,572,61,3,251.1,753.3
1707,572,30,3,787.24,2361.72
1708,573,24,4,372.05,1488.2
1709,573,43,1,453.12,453.12
1710,573,42,1,359.05,359.05
1711,573,59,4,40.59,162.36
1712,574,45,4,127.75,511.0
1713,575,22,2,113.39,226.78
1714,575,37,1,553.12,553.12
1715,575,45,4,127.75,511.0
1716,575,78,1,270.86,270.86
1717,576,72,4,314.3,1257.2
1718,576,10,4,438.33,1753.32
1719,576,39,4,511.08,2044.32
1720,577,80,2,247.25,494.5
1721,577,32,4,746.09,2984.36
1722,578,9,4,775.28,3101.12
1723,578,44,4,756.59,3026.36
1724,578,27,3,64.35,193.05
1725,578,76,2,539.8,1079.6
1726,579,10,4,438.33,1753.32
1727,579,74,1,11.34,11.34
1728,580,77,4,65.28,261.12
1729,580,60,2,167.66,335.32
1730,580,42,3,359.05,1077.15
1731,580,72,4,314.3,1257.2
1732,580,13,1,54.93,54.93
1733,581,14,1,682.56,682.56
1734,581,77,1,65.28,65.28
1735,581,49,2,292.67,585.34
1736,581,42,2,359.05,718.1
1737,581,64,1,230.51,230.51
1738,582,20,3,216.0,648.0
1739,582,58,4,564.01,2256.04
1740,583,74,3,11.34,34.02
1741,583,58,3,564.01,1692.03
1742,583,26,4,219.51,878.04
1743,583,27,3,64.35,193.05
1744,583,41,1,784.04,784.04
1745,584,2,3,331.07,993.21
1746,584,79,1,679.93,679.93
1747,584,66,3,752.0,2256.0
1748,584,52,1,602.09,602.09
1749,584,17,1,467.35,467.35
1750,585,46,4,301.68,1206.72
1751,585,15,4,63.69,254.76
1752,585,37,3,553.12,1659.36
1753,585,4,4,309.39,1237.56
1754,585,31,4,16.18,64.72
1755,586,56,4,539.23,2156.92
1756,586,70,2,585.55,1171.1
1757,586,28,2,235.14,470.28
1758,586,23,4,371.21,1484.84
1759,587,54,2,335.71,671.42
1760,587,20,2,216.0,432.0
1761,587,37,1,553.12,553.12
1762,588,3,2,693.07,1386.14
1763,589,56,4,539.23,2156.92
1764,589,18,4,74.77,299.08
1765,589,11,2,55.16,110.32
1766,589,54,4,335.71,1342.84
1767,590,55,2,740.34,1480.68
1768,590,71,2,488.9,977.8
1769,590,58,4,564.01,2256.04
1770,590,50,1,536.88,536.88
1771,590,46,4,301.68,1206.72
1772,591,65,4,325.75,1303.0
1773,591,35,3,132.8,398.4
1774,592,5,4,741.95,2967.8
1775,593,15,1,63.69,63.69
1776,593,75,2,578.35,1156.7
1777,593,62,3,28.69,86.07
1778,594,67,2,776.62,1553.24
1779,594,11,4,55.16,220.64
1780,594,79,1,679.93,679.93
1781,594,12,3,407.25,1221.75
1782,595,7,4,449.06,1796.24
1783,595,44,4,756.59,3026.36
1784,595,69,3,95.64,286.92
1785,595,2,4,331.07,1324.28
1786,595,61,3,251.1,753.3
1787,596,38,3,395.94,1187.82
1788,596,22,3,113.39,340.17
1789,596,5,1,741.95,741.95
1790,597,75,3,578.35,1735.05
1791,597,22,1,113.39,113.39
1792,597,74,3,11.34,34.02
1793,597,7,4,449.06,1796.24
1794,598,17,1,467.35,467.35
1795,599,33,3,703.72,2111.16
1796,599,17,3,467.35,1402.05
1797,599,79,3,679.93,2039.79
1798,600,15,2,63.69,127.38
