payment_id,order_id,payment_method,amount,payment_status,payment_date,transaction_id
1,1,net_banking,4889.48,failed,2025-01-15 10:39:13,PAY8780572
2,2,upi,3897.7,completed,2025-10-24 10:54:50,PAY1514940
3,3,net_banking,2078.56,completed,2025-01-28 05:08:30,PAY9762637
4,4,upi,1407.44,completed,2025-02-02 09:11:12,PAY4845398
5,5,cod,3780.04,completed,2025-11-03 05:50:24,PAY6289509
6,6,card,4165.05,completed,2025-03-07 03:12:09,PAY0591191
7,7,upi,3672.52,initiated,2025-03-08 23:48:41,PAY8623392
8,8,cod,1032.84,refunded,2025-04-08 10:25:29,PAY2071511
9,9,net_banking,3023.18,failed,2025-01-01 07:20:52,PAY6966672
10,10,net_banking,4122.76,completed,2025-01-29 00:30:52,PAY5214526
11,11,upi,531.2,refunded,2025-01-03 08:23:53,PAY4712463
12,12,cod,621.32,completed,2025-04-05 02:12:17,PAY3515718
13,13,cod,5055.52,completed,2025-01-21 19:04:34,PAY4090805
14,14,upi,3457.37,completed,2025-02-05 03:35:10,PAY1208005
15,15,upi,4282.31,completed,2025-08-26 05:41:56,PAY6409951
16,16,upi,3092.38,initiated,2025-01-17 20:57:13,PAY2397283
17,17,upi,3446.25,completed,2025-02-25 02:31:59,PAY5129592
18,18,card,5483.07,refunded,2025-06-04 21:49:38,PAY7282709
19,19,upi,4770.45,completed,2025-03-31 13:00:39,PAY0814415
20,20,net_banking,7473.89,completed,2025-09-27 18:39:10,PAY2982173
21,21,upi,8056.18,completed,2025-07-02 14:20:36,PAY9295786
22,22,card,5705.24,failed,2025-10-21 15:20:36,PAY7181535
23,23,card,2198.19,completed,2025-07-01 21:49:00,PAY2373605
24,24,upi,6499.33,completed,2025-07-28 13:09:51,PAY0791815
25,25,net_banking,1782.58,completed,2025-03-30 16:49:33,PAY8998868
26,26,upi,6374.19,completed,2025-09-17 01:13:50,PAY3452734
27,27,card,3617.9,failed,2025-10-12 12:55:32,PAY6666170
28,28,net_banking,3823.14,completed,2025-09-11 03:24:43,PAY7158796
29,29,cod,3404.32,refunded,2025-08-07 09:33:58,PAY4740803
30,30,net_banking,1230.51,refunded,2025-04-12 16:24:27,PAY1499825
31,31,net_banking,1359.86,initiated,2025-08-17 20:58:36,PAY0800463
32,32,net_banking,2438.92,completed,2025-05-25 13:30:37,PAY5806882
33,33,net_banking,219.72,completed,2025-02-15 10:51:47,PAY8503172
34,34,upi,660.04,failed,2025-03-29 15:57:45,PAY3513739
35,35,cod,1576.8,completed,2025-02-22 15:21:22,PAY9006314
36,36,net_banking,4077.08,initiated,2025-09-16 19:39:11,PAY0352635
37,37,cod,6001.58,completed,2024-12-20 14:56:25,PAY6022939
38,38,cod,906.24,completed,2025-02-11 13:36:55,PAY4694346
39,39,cod,6543.76,completed,2025-04-07 16:43:55,PAY0666437
40,40,card,4692.96,completed,2025-04-16 08:35:14,PAY4906072
41,41,upi,7386.86,completed,2025-10-15 05:53:46,PAY3111271
42,42,upi,3721.41,completed,2025-08-07 20:55:27,PAY2852464
43,43,card,843.29,completed,2025-09-23 07:28:11,PAY8449411
44,44,cod,2132.02,completed,2024-12-21 23:11:42,PAY6318732
45,45,net_banking,3712.56,initiated,2025-05-31 17:30:03,PAY8077113
46,46,net_banking,1205.21,initiated,2025-07-26 01:01:10,PAY0621136
47,47,card,2150.45,completed,2025-09-01 15:37:38,PAY9572790
48,48,net_banking,977.8,completed,2025-11-11 06:18:26,PAY8335090
49,49,cod,3038.16,completed,2025-01-22 04:17:50,PAY2542573
50,50,net_banking,6951.19,initiated,2024-11-14 11:18:25,PAY0662481
51,51,net_banking,1356.93,initiated,2025-07-04 09:04:28,PAY3235707
52,52,upi,235.14,completed,2025-04-27 13:10:09,PAY1398482
53,53,cod,2221.02,completed,2024-11-22 01:23:28,PAY2850116
54,54,card,585.55,completed,2025-04-07 18:45:05,PAY8809255
55,55,net_banking,251.1,refunded,2025-10-02 02:17:54,PAY0213060
56,56,net_banking,1968.75,failed,2025-01-15 00:58:43,PAY9069130
57,57,card,2403.35,completed,2025-02-07 03:14:47,PAY9810796
58,58,card,9136.3,failed,2024-11-17 23:41:43,PAY4967379
59,59,net_banking,1117.23,completed,2025-08-07 20:18:49,PAY4577278
60,60,net_banking,839.63,failed,2024-11-22 20:03:09,PAY5324264
61,61,cod,4237.9,completed,2025-03-01 09:31:22,PAY2506420
62,62,upi,224.31,completed,2025-09-11 19:22:42,PAY7683625
63,63,cod,1602.1,completed,2025-07-28 08:32:21,PAY3666777
64,64,net_banking,5473.4,completed,2025-07-01 19:00:58,PAY6755562
65,65,net_banking,628.6,failed,2025-02-25 18:55:39,PAY8333393
66,66,card,4255.97,completed,2025-06-23 20:11:21,PAY9578654
67,67,card,2192.84,completed,2025-06-16 00:24:45,PAY3627187
68,68,cod,2922.6,refunded,2025-04-09 03:04:15,PAY4960335
69,69,card,1257.2,completed,2024-11-22 21:57:04,PAY8268627
70,70,card,4699.98,completed,2025-09-25 10:04:22,PAY0369249
71,71,upi,1692.03,completed,2025-03-29 16:28:27,PAY2693265
72,72,card,191.28,completed,2024-12-04 02:48:30,PAY7327599
73,73,upi,531.2,initiated,2025-02-24 10:07:50,PAY8011100
74,74,card,4618.14,completed,2025-03-20 01:13:40,PAY0515532
75,75,upi,470.28,completed,2025-07-14 10:59:30,PAY3415959
76,76,cod,57.38,completed,2025-03-27 20:51:02,PAY7752441
77,77,upi,4610.86,completed,2025-05-21 02:48:41,PAY8222618
78,78,card,3072.16,completed,2025-07-26 18:43:55,PAY9628874
79,79,upi,2123.55,completed,2025-10-11 08:29:06,PAY3127102
80,80,card,4910.89,refunded,2025-10-31 10:53:40,PAY6767209
81,81,cod,2251.5,initiated,2024-11-21 15:44:16,PAY5799270
82,82,net_banking,9486.34,completed,2025-01-06 20:43:31,PAY7955151
83,83,upi,1470.18,completed,2025-08-07 05:40:30,PAY2294621
84,84,upi,6023.51,completed,2025-09-07 19:13:04,PAY3541597
85,85,cod,2029.7,completed,2025-04-02 22:46:17,PAY0996254
86,86,card,989.0,completed,2025-02-08 21:33:07,PAY3848075
87,87,card,5110.13,completed,2025-09-30 14:45:42,PAY2034476
88,88,net_banking,3718.57,failed,2025-06-02 23:09:44,PAY5047158
89,89,card,5524.1,initiated,2025-05-08 23:12:39,PAY0290904
90,90,cod,566.24,failed,2024-12-19 12:40:54,PAY6376604
91,91,net_banking,2050.73,completed,2025-04-10 13:19:13,PAY6558665
92,92,card,4067.04,completed,2025-01-23 17:35:19,PAY2548374
93,93,cod,1750.04,completed,2025-07-28 13:03:29,PAY4171581
94,94,net_banking,128.7,completed,2025-07-31 10:55:17,PAY0213125
95,95,net_banking,4540.53,completed,2025-09-29 02:25:04,PAY1293110
96,96,cod,491.23,completed,2025-06-24 09:38:24,PAY0591297
97,97,net_banking,1078.46,completed,2025-08-24 16:50:26,PAY5191023
98,98,cod,3026.36,failed,2025-02-04 22:42:45,PAY1211063
99,99,upi,3195.19,completed,2025-03-27 01:04:01,PAY3016583
100,100,card,3072.35,completed,2025-10-28 11:24:22,PAY7379274
101,101,net_banking,1818.68,refunded,2025-07-15 20:19:02,PAY9072801
102,102,net_banking,6003.21,initiated,2025-02-27 22:52:08,PAY2342893
103,103,net_banking,4863.52,failed,2025-03-26 13:37:22,PAY1132532
104,104,net_banking,5993.92,initiated,2025-05-11 21:38:13,PAY6949684
105,105,upi,1583.76,completed,2025-03-19 02:07:05,PAY3645380
106,106,cod,2882.38,completed,2025-01-08 10:13:05,PAY4421017
107,107,cod,1615.98,completed,2025-03-15 09:56:44,PAY5096170
108,108,cod,2774.15,completed,2025-08-13 01:53:19,PAY1595919
109,109,upi,2124.26,completed,2025-02-22 19:06:20,PAY4575757
110,110,net_banking,3551.85,completed,2025-03-31 00:39:44,PAY4758339
111,111,upi,1366.36,completed,2025-06-09 07:57:41,PAY2056775
112,112,net_banking,1645.23,failed,2025-11-11 00:12:14,PAY6777226
113,113,card,1667.37,completed,2025-07-22 22:22:50,PAY6025626
114,114,upi,4199.32,initiated,2025-09-18 22:00:37,PAY5062292
115,115,upi,3678.88,completed,2025-10-11 14:30:14,PAY3106724
116,116,cod,2256.04,completed,2025-05-02 11:58:41,PAY5307624
117,117,cod,2721.57,initiated,2024-12-12 09:05:03,PAY8433797
118,118,cod,3870.07,completed,2025-05-09 23:26:31,PAY6627051
119,119,net_banking,331.07,completed,2025-08-15 07:35:40,PAY1579423
120,120,cod,6216.14,completed,2025-05-15 12:18:13,PAY8736704
121,121,upi,2561.78,initiated,2025-03-07 17:38:00,PAY2549691
122,122,upi,1027.97,completed,2024-11-20 01:30:40,PAY9284552
123,123,net_banking,3461.89,initiated,2025-03-27 14:08:16,PAY5971075
124,124,cod,824.2,completed,2025-01-18 12:02:21,PAY6335357
125,125,upi,2318.9,refunded,2025-11-09 15:14:12,PAY4859532
126,126,cod,226.78,completed,2025-06-29 09:52:08,PAY5939933
127,127,card,6397.94,failed,2024-11-19 03:50:05,PAY7970581
128,128,upi,1443.85,completed,2024-12-31 19:41:45,PAY6295187
129,129,card,4946.43,completed,2025-11-07 18:30:26,PAY7941763
130,130,upi,4604.52,initiated,2024-12-07 18:27:00,PAY4250733
131,131,net_banking,6214.86,completed,2025-08-19 06:08:38,PAY0559782
132,132,card,3034.42,completed,2025-03-22 14:56:34,PAY4575983
133,133,net_banking,216.67,initiated,2024-11-15 19:52:23,PAY3991403
134,134,cod,4081.76,completed,2025-01-22 00:18:53,PAY8843660
135,135,card,5041.91,completed,2025-02-15 01:06:20,PAY4432400
136,136,net_banking,2476.07,failed,2025-02-04 18:32:47,PAY6157276
137,137,card,538.66,completed,2025-07-18 04:49:42,PAY8297514
138,138,card,3404.72,completed,2025-08-07 05:46:44,PAY7439742
139,139,card,1420.59,completed,2025-06-17 11:40:49,PAY9250105
140,140,cod,352.8,completed,2025-08-15 21:51:08,PAY8752568
141,141,upi,1652.48,completed,2025-10-01 12:50:54,PAY0656259
142,142,net_banking,5347.1,completed,2025-01-28 15:55:17,PAY0459908
143,143,upi,1354.35,completed,2025-03-24 07:43:53,PAY0271122
144,144,net_banking,2920.18,completed,2025-03-21 05:23:08,PAY1823155
145,145,net_banking,2713.51,refunded,2025-11-09 21:28:52,PAY5165176
146,146,net_banking,4720.35,completed,2025-01-06 10:50:57,PAY8086628
147,147,card,2339.99,refunded,2025-07-02 06:26:47,PAY1372143
148,148,card,3875.86,completed,2025-06-08 17:50:34,PAY3080037
149,149,upi,5705.0,completed,2024-12-19 19:06:24,PAY0033228
150,150,cod,5200.35,completed,2025-03-23 17:09:23,PAY5566084
151,151,upi,344.18,completed,2025-04-05 10:50:59,PAY7068103
152,152,card,4321.93,initiated,2025-02-03 22:39:04,PAY9033970
153,153,net_banking,1791.45,completed,2025-05-16 02:04:27,PAY5195826
154,154,net_banking,2654.88,completed,2025-01-11 22:22:24,PAY3280944
155,155,upi,2342.08,completed,2025-10-04 18:12:16,PAY8586239
156,156,cod,4077.89,completed,2025-07-23 10:09:48,PAY4535461
157,157,net_banking,1480.68,initiated,2025-01-11 01:05:35,PAY4707986
158,158,upi,4057.96,completed,2025-01-25 04:22:45,PAY3210613
159,159,upi,1280.5,completed,2025-09-09 00:29:17,PAY3943945
160,160,upi,1335.66,completed,2025-10-30 04:02:50,PAY7039438
161,161,cod,2038.24,completed,2025-09-13 20:10:06,PAY0403253
162,162,card,3348.25,initiated,2025-10-10 07:53:25,PAY7657692
163,163,cod,4047.76,completed,2025-04-07 01:46:50,PAY7789431
164,164,cod,64.72,failed,2025-10-29 03:13:12,PAY9100900
165,165,net_banking,967.24,completed,2025-06-18 09:59:24,PAY4047692
166,166,net_banking,2781.21,completed,2025-09-17 19:42:49,PAY1053365
167,167,net_banking,3863.24,completed,2025-04-03 22:30:21,PAY1460401
168,168,card,1356.93,completed,2025-04-26 10:26:01,PAY4247310
169,169,cod,3755.65,completed,2025-08-12 12:36:30,PAY7201137
170,170,card,2265.32,failed,2024-12-24 07:16:00,PAY9844097
171,171,card,2564.17,completed,2025-03-15 12:40:17,PAY1231660
172,172,cod,1709.5,refunded,2025-03-13 20:16:09,PAY0767620
173,173,upi,4095.77,completed,2024-12-30 17:05:54,PAY9014473
174,174,net_banking,928.17,refunded,2025-01-25 07:01:16,PAY4043370
175,175,upi,8454.13,completed,2025-09-06 21:17:47,PAY0968730
176,176,net_banking,461.02,refunded,2025-08-12 14:37:00,PAY4519577
177,177,net_banking,2348.21,completed,2025-08-15 04:59:52,PAY8255882
178,178,net_banking,662.14,refunded,2025-01-26 18:39:59,PAY5562965
179,179,cod,753.3,completed,2025-08-29 10:57:41,PAY7542786
180,180,card,4810.07,refunded,2025-10-06 00:26:22,PAY5619425
181,181,cod,2945.93,completed,2025-05-23 14:17:19,PAY5778205
182,182,net_banking,3450.66,refunded,2025-07-29 05:55:51,PAY8295829
183,183,net_banking,4116.93,completed,2024-11-28 12:42:53,PAY2361618
184,184,card,3208.53,completed,2025-04-15 10:55:02,PAY8081904
185,185,cod,3834.28,completed,2025-04-29 17:30:36,PAY8235715
186,186,card,453.12,completed,2025-05-12 10:40:59,PAY5868639
187,187,net_banking,3783.64,refunded,2024-12-23 09:34:32,PAY5613723
188,188,card,990.9,completed,2025-10-06 20:59:36,PAY0817214
189,189,net_banking,1530.39,completed,2025-02-28 14:40:32,PAY3643813
190,190,upi,4793.2,completed,2025-01-23 13:34:05,PAY0004132
191,191,net_banking,2149.01,initiated,2025-04-04 22:53:56,PAY1147165
192,192,card,2362.67,completed,2025-02-14 04:48:09,PAY6094565
193,193,upi,286.92,completed,2025-02-28 10:32:22,PAY3469979
194,194,net_banking,2294.44,completed,2025-10-07 20:17:53,PAY9070755
195,195,net_banking,814.5,completed,2025-03-22 07:39:48,PAY0476816
196,196,upi,1736.08,completed,2025-04-28 02:16:28,PAY9957060
197,197,cod,1658.61,completed,2025-02-15 15:21:13,PAY7174811
198,198,net_banking,2705.71,initiated,2025-07-17 16:52:48,PAY3176539
199,199,card,1703.66,completed,2025-05-09 14:35:07,PAY7054873
200,200,card,2067.52,completed,2025-02-19 10:25:12,PAY9610290
201,201,upi,1608.1,completed,2025-09-20 23:35:37,PAY8718274
202,202,cod,1376.72,completed,2025-08-13 21:28:26,PAY9680491
203,203,cod,453.56,completed,2025-05-02 11:25:11,PAY8727420
204,204,net_banking,3455.21,completed,2025-09-30 11:35:41,PAY4956121
205,205,upi,1952.42,refunded,2025-07-23 20:07:08,PAY3773062
206,206,upi,1984.42,completed,2025-03-23 17:34:00,PAY6042359
207,207,upi,7881.58,completed,2025-09-22 03:15:39,PAY7371122
208,208,cod,3285.93,completed,2025-11-10 21:08:19,PAY2990775
209,209,net_banking,2923.49,completed,2025-06-03 06:35:51,PAY6085816
210,210,cod,324.08,completed,2025-08-15 14:19:49,PAY7046861
211,211,cod,4015.03,failed,2025-01-23 14:30:21,PAY1145768
212,212,net_banking,1842.8,completed,2025-08-06 02:57:15,PAY3210219
213,213,net_banking,5881.45,completed,2025-10-03 02:23:27,PAY2378584
214,214,cod,2327.24,completed,2025-08-30 08:43:53,PAY7129618
215,215,net_banking,1192.28,completed,2025-08-27 07:43:53,PAY0332426
216,216,cod,6407.23,completed,2025-04-27 13:32:14,PAY0508018
217,217,upi,6764.2,completed,2025-06-07 05:11:24,PAY4980425
218,218,upi,45.36,initiated,2025-06-23 07:36:59,PAY3733777
219,219,net_banking,6547.26,initiated,2024-11-20 18:15:53,PAY3126881
220,220,net_banking,48.54,completed,2024-12-14 21:06:52,PAY2282178
221,221,net_banking,2220.17,completed,2025-09-26 05:43:25,PAY1923653
222,222,upi,4564.11,completed,2025-08-11 18:29:20,PAY4606056
223,223,card,775.51,failed,2025-09-09 10:57:02,PAY0356793
224,224,cod,3060.73,completed,2024-12-04 08:04:31,PAY2798623
225,225,net_banking,57.38,completed,2024-12-08 02:28:18,PAY9847169
226,226,net_banking,1879.0,failed,2025-03-06 08:58:05,PAY0618120
227,227,upi,2352.12,refunded,2025-09-21 03:57:13,PAY5464754
228,228,upi,1314.99,completed,2025-07-07 17:48:10,PAY8954787
229,229,cod,550.88,failed,2025-02-10 13:03:09,PAY6989992
230,230,net_banking,2842.38,failed,2025-10-07 07:13:55,PAY7517588
231,231,cod,4915.27,completed,2025-03-08 00:24:47,PAY9144449
232,232,net_banking,1182.56,completed,2025-05-29 13:15:57,PAY8355393
233,233,net_banking,349.53,refunded,2025-08-20 05:55:10,PAY5435864
234,234,card,1333.1,completed,2025-09-20 21:39:32,PAY4963924
235,235,upi,1638.92,completed,2025-10-22 14:43:32,PAY3588537
236,236,cod,2685.35,completed,2025-10-26 05:22:26,PAY9821433
237,237,card,1479.55,refunded,2025-02-14 06:26:58,PAY9527536
238,238,card,3244.09,failed,2025-05-09 21:10:07,PAY7497852
239,239,card,385.43,failed,2025-04-28 00:27:38,PAY4914168
240,240,cod,9846.52,initiated,2025-06-01 17:28:54,PAY6013477
241,241,card,452.31,initiated,2024-12-27 08:28:14,PAY8948963
242,242,card,3215.58,completed,2025-02-06 05:34:40,PAY4067917
243,243,cod,3305.54,initiated,2025-09-06 07:40:25,PAY6651221
244,244,upi,1565.43,completed,2025-06-24 16:53:27,PAY5001418
245,245,upi,1629.0,completed,2025-11-13 03:24:35,PAY8421630
246,246,card,7017.22,initiated,2025-03-26 12:47:16,PAY9001594
247,247,net_banking,667.76,completed,2025-08-05 01:31:12,PAY4633399
248,248,upi,3409.21,completed,2025-05-24 23:54:52,PAY9485320
249,249,upi,2761.16,completed,2025-04-21 10:07:35,PAY8953263
250,250,cod,1356.93,completed,2025-03-06 19:18:48,PAY8902199
251,251,card,2100.48,completed,2025-01-16 02:57:19,PAY4711363
252,252,net_banking,2269.77,initiated,2025-09-02 20:31:46,PAY3792234
253,253,upi,1056.25,completed,2025-08-14 16:17:28,PAY1034699
254,254,cod,2509.21,completed,2025-04-07 09:37:34,PAY6733116
255,255,cod,2738.65,refunded,2025-09-05 02:14:32,PAY7726960
256,256,net_banking,1192.86,completed,2025-06-23 12:24:49,PAY8437685
257,257,net_banking,571.31,completed,2025-10-22 14:11:25,PAY5078967
258,258,upi,3799.74,failed,2025-04-03 20:56:29,PAY9352196
259,259,net_banking,48.54,refunded,2025-09-24 02:54:12,PAY2633556
260,260,net_banking,3383.59,completed,2025-09-24 07:17:10,PAY4343697
261,261,cod,553.12,completed,2024-12-17 18:18:15,PAY0931706
262,262,cod,2142.64,refunded,2025-07-15 17:13:56,PAY9556076
263,263,net_banking,3723.41,initiated,2025-09-16 08:31:36,PAY7616453
264,264,card,1663.84,initiated,2024-12-24 11:00:00,PAY4547223
265,265,net_banking,4750.92,completed,2024-12-08 00:07:54,PAY9898306
266,266,cod,5772.26,initiated,2025-10-13 23:33:51,PAY5031219
267,267,upi,2515.78,completed,2025-10-20 18:55:28,PAY8041847
268,268,cod,6617.07,failed,2025-04-09 12:06:54,PAY2426423
269,269,upi,1156.7,completed,2024-12-01 12:10:08,PAY6428131
270,270,upi,2106.54,completed,2025-01-22 18:31:23,PAY9092487
271,271,card,3258.62,completed,2025-07-29 03:35:43,PAY6230391
272,272,net_banking,2362.95,completed,2025-09-06 18:44:22,PAY1142817
273,273,cod,3323.34,completed,2025-02-03 19:09:54,PAY8522823
274,274,card,4247.08,completed,2025-05-21 02:56:05,PAY0524808
275,275,cod,2034.46,completed,2025-11-12 19:05:41,PAY8062207
276,276,upi,3102.04,completed,2025-04-06 03:41:21,PAY2239594
277,277,cod,593.6,completed,2024-12-12 03:48:51,PAY7372132
278,278,cod,4876.64,completed,2025-11-03 21:05:04,PAY9016204
279,279,cod,4669.38,initiated,2025-09-04 18:37:19,PAY7876886
280,280,net_banking,6336.52,completed,2025-09-25 04:08:05,PAY8785996
281,281,cod,5813.92,refunded,2025-06-10 01:17:34,PAY4862872
282,282,cod,2808.43,completed,2025-02-12 22:37:52,PAY0319541
283,283,net_banking,2590.32,completed,2025-04-26 01:05:24,PAY9666450
284,284,upi,1163.35,refunded,2025-02-01 09:06:25,PAY5730362
285,285,upi,1738.34,completed,2024-12-19 22:11:05,PAY7924632
286,286,net_banking,449.06,completed,2025-02-28 21:00:34,PAY0374767
287,287,cod,2976.05,refunded,2025-05-30 02:09:36,PAY7537260
288,288,net_banking,2044.32,completed,2025-05-13 18:38:42,PAY3214505
289,289,card,2329.86,failed,2025-08-29 10:58:42,PAY7661945
290,290,cod,4521.44,completed,2025-10-05 07:59:07,PAY8870715
291,291,cod,1251.6,initiated,2024-12-19 23:25:46,PAY5348201
292,292,upi,2238.56,completed,2025-07-15 22:12:09,PAY2840083
293,293,cod,4233.48,completed,2024-11-19 05:16:15,PAY8507659
294,294,upi,752.0,completed,2025-07-17 13:15:03,PAY7595450
295,295,net_banking,1407.44,completed,2025-08-15 05:11:57,PAY8917768
296,296,cod,3336.52,completed,2024-12-07 17:49:09,PAY0898126
297,297,card,1588.07,completed,2025-07-24 03:51:36,PAY5742231
298,298,card,2152.65,completed,2025-07-08 16:34:22,PAY9646300
299,299,net_banking,7096.59,completed,2025-05-14 23:16:38,PAY4023693
300,300,upi,683.56,initiated,2025-04-03 05:24:34,PAY6268943
301,301,upi,2034.1,failed,2025-09-05 03:30:06,PAY0120471
302,302,cod,1106.01,initiated,2025-05-09 17:46:01,PAY3727117
303,303,net_banking,4817.39,completed,2025-03-13 23:23:04,PAY5957498
304,304,upi,2722.38,completed,2025-05-23 05:30:55,PAY8558298
305,305,card,3138.81,completed,2025-07-06 07:07:05,PAY4933067
306,306,net_banking,5989.96,completed,2025-03-11 22:40:12,PAY4584760
307,307,cod,2688.93,completed,2024-11-15 03:26:35,PAY9441283
308,308,cod,314.3,initiated,2024-12-07 09:34:56,PAY3372188
309,309,net_banking,812.58,refunded,2025-06-29 22:58:59,PAY5666954
310,310,cod,4273.25,refunded,2025-09-04 09:32:27,PAY1329715
311,311,cod,1356.5,completed,2024-11-24 11:12:19,PAY0666267
312,312,cod,2453.34,completed,2025-02-13 05:44:14,PAY0551437
313,313,cod,996.81,initiated,2025-09-15 06:18:23,PAY7693663
314,314,card,1693.73,initiated,2025-01-19 18:19:49,PAY4392529
315,315,net_banking,4897.55,completed,2025-11-07 22:08:15,PAY5961111
316,316,upi,4638.69,failed,2024-12-19 03:39:09,PAY0286712
317,317,card,4195.2,completed,2025-04-28 01:41:09,PAY0072024
318,318,cod,4661.07,completed,2025-03-04 14:13:32,PAY5591024
319,319,upi,1227.72,completed,2025-08-14 23:11:40,PAY5109109
320,320,upi,2410.83,completed,2025-03-10 16:51:37,PAY0326714
321,321,upi,3656.67,completed,2024-12-12 09:50:14,PAY9498194
322,322,upi,776.62,completed,2025-02-03 22:30:37,PAY2179428
323,323,upi,585.34,completed,2025-10-07 10:43:13,PAY1793406
324,324,card,264.58,completed,2025-05-23 05:06:11,PAY5277584
325,325,upi,3180.7,completed,2024-12-31 20:37:57,PAY4663453
326,326,cod,4724.45,refunded,2025-01-02 03:24:04,PAY3722010
327,327,card,1359.86,completed,2025-09-28 11:18:22,PAY9121722
328,328,card,7328.66,completed,2025-02-22 03:26:39,PAY1455937
329,329,cod,1407.44,completed,2025-07-28 11:03:25,PAY6618943
330,330,upi,5514.89,completed,2025-02-14 12:41:54,PAY7052635
331,331,card,744.1,completed,2025-02-21 11:12:52,PAY1004627
332,332,card,3985.25,completed,2025-06-21 08:48:19,PAY7657256
333,333,net_banking,1327.5,completed,2025-04-21 10:16:21,PAY5920246
334,334,card,2621.23,completed,2025-01-21 18:56:53,PAY1752023
335,335,cod,4433.99,failed,2025-09-23 14:42:11,PAY8974326
336,336,card,2029.2,completed,2025-04-25 21:22:38,PAY0055955
337,337,upi,3183.99,completed,2025-04-21 08:24:19,PAY0178332
338,338,card,5181.31,completed,2025-04-28 03:44:36,PAY5848689
339,339,cod,1234.93,completed,2025-02-17 07:11:59,PAY9936079
340,340,card,128.7,completed,2025-04-06 02:14:32,PAY8487045
341,341,net_banking,3063.82,initiated,2025-08-28 02:18:40,PAY0691767
342,342,net_banking,2871.44,refunded,2024-11-17 21:17:44,PAY9935937
343,343,net_banking,8214.26,completed,2025-06-10 20:13:43,PAY4403946
344,344,net_banking,536.88,refunded,2025-04-16 17:45:54,PAY4083037
345,345,card,5060.13,completed,2025-01-02 09:43:12,PAY3606014
346,346,upi,4521.79,completed,2025-09-06 00:16:50,PAY8860849
347,347,cod,3576.73,completed,2025-01-30 13:21:04,PAY0793884
348,348,cod,3102.04,failed,2025-02-28 19:17:18,PAY1368528
349,349,cod,1608.24,initiated,2025-03-13 13:29:46,PAY3061537
350,350,net_banking,2063.58,completed,2025-02-18 10:07:39,PAY0124244
351,351,card,1293.98,completed,2025-03-12 17:52:23,PAY6263251
352,352,upi,4530.23,completed,2025-04-12 17:28:45,PAY4488112
353,353,upi,1528.09,completed,2025-09-06 02:12:07,PAY1031421
354,354,net_banking,3295.37,refunded,2025-09-17 16:04:49,PAY7518878
355,355,card,3998.82,completed,2025-09-13 05:44:17,PAY1794151
356,356,cod,3762.16,completed,2025-06-16 22:21:57,PAY5263840
357,357,cod,3075.24,completed,2024-11-14 23:34:41,PAY9112252
358,358,net_banking,506.43,refunded,2024-11-20 14:56:27,PAY8837505
359,359,card,693.07,completed,2025-04-17 00:12:57,PAY6618632
360,360,card,8896.23,completed,2025-05-24 00:22:32,PAY3979137
361,361,cod,2663.36,completed,2025-01-16 16:40:29,PAY8765530
362,362,card,4473.18,completed,2024-12-23 07:11:48,PAY0730950
363,363,cod,1587.34,completed,2025-09-28 06:16:20,PAY5560571
364,364,net_banking,1935.49,initiated,2025-06-13 13:08:09,PAY2198819
365,365,net_banking,3995.84,completed,2025-03-05 20:28:48,PAY2778851
366,366,card,6581.29,completed,2025-07-07 05:24:15,PAY9053486
367,367,cod,7190.93,refunded,2025-09-20 17:39:59,PAY4010424
368,368,upi,781.17,failed,2025-03-19 22:19:20,PAY6245618
369,369,net_banking,3238.38,completed,2025-03-23 22:32:00,PAY5174460
370,370,card,1374.36,completed,2025-06-07 03:27:18,PAY0452128
371,371,cod,2148.19,completed,2024-12-07 13:43:52,PAY9915114
372,372,cod,1516.92,refunded,2024-12-06 04:26:07,PAY5512939
373,373,net_banking,1102.28,completed,2025-10-18 12:50:47,PAY1304488
374,374,card,3353.8,completed,2025-01-07 22:10:18,PAY1898484
375,375,cod,940.56,failed,2025-10-20 17:35:21,PAY1604615
376,376,cod,2193.17,completed,2025-01-24 18:49:47,PAY4021190
377,377,cod,4758.12,completed,2024-12-26 14:14:57,PAY1707568
378,378,cod,878.04,completed,2025-02-15 19:43:56,PAY1429831
379,379,upi,761.44,initiated,2025-03-16 14:37:31,PAY5229107
380,380,net_banking,3968.95,completed,2024-12-20 17:29:48,PAY3228360
381,381,card,6291.96,failed,2025-01-08 03:21:52,PAY8493783
382,382,upi,4662.41,completed,2025-09-11 05:40:49,PAY0639638
383,383,net_banking,786.85,completed,2025-05-27 06:01:44,PAY4526969
384,384,cod,3234.54,completed,2025-11-14 11:07:31,PAY4439164
385,385,cod,3352.86,completed,2024-12-06 16:59:18,PAY9701693
386,386,card,1531.32,refunded,2025-08-01 08:47:54,PAY4292913
387,387,upi,3843.85,completed,2025-08-29 09:06:16,PAY2033016
388,388,card,1993.32,completed,2025-02-04 15:49:10,PAY2341903
389,389,cod,940.56,completed,2024-12-20 08:16:40,PAY1061537
390,390,net_banking,4146.58,completed,2025-08-09 00:26:42,PAY2215566
391,391,net_banking,1826.12,refunded,2024-12-28 15:11:21,PAY8473236
392,392,upi,7408.26,refunded,2025-02-06 08:52:30,PAY5337746
393,393,card,6762.45,failed,2025-03-31 02:55:53,PAY0406720
394,394,card,1614.46,completed,2025-08-14 02:24:26,PAY0784361
395,395,net_banking,699.06,initiated,2025-07-31 20:17:21,PAY4244260
396,396,cod,258.21,failed,2025-10-22 02:21:45,PAY7819754
397,397,net_banking,3464.03,completed,2025-06-18 07:53:52,PAY3734764
398,398,card,1221.75,refunded,2025-04-20 02:25:16,PAY2737203
399,399,cod,3625.02,completed,2025-09-15 00:40:40,PAY7638821
400,400,upi,464.13,completed,2025-07-17 19:38:10,PAY4584148
401,401,cod,8884.38,completed,2025-07-20 10:36:25,PAY4601913
402,402,card,1630.33,completed,2024-12-20 14:18:31,PAY4438998
403,403,net_banking,585.34,completed,2025-01-23 09:31:49,PAY2780205
404,404,net_banking,2490.5,completed,2025-06-05 03:12:43,PAY8695073
405,405,upi,5050.97,completed,2025-08-24 03:05:40,PAY2146449
406,406,cod,4860.91,completed,2025-04-18 21:09:38,PAY3699951
407,407,card,1458.1,initiated,2025-09-18 20:43:25,PAY6793350
408,408,net_banking,2732.77,completed,2025-10-25 23:03:06,PAY5573857
409,409,cod,104.71,completed,2025-04-07 23:01:17,PAY3680119
410,410,net_banking,8179.62,completed,2025-06-20 09:24:37,PAY2360376
411,411,net_banking,6080.75,failed,2025-01-01 16:27:26,PAY8118723
412,412,net_banking,5532.69,completed,2024-11-29 17:37:24,PAY3351040
413,413,cod,257.4,completed,2025-04-16 04:15:27,PAY9614973
414,414,net_banking,6777.34,completed,2025-10-30 21:03:21,PAY1539114
415,415,cod,7680.34,completed,2025-01-19 14:01:02,PAY9830748
416,416,card,1883.46,completed,2025-08-01 00:00:01,PAY2073651
417,417,net_banking,1771.78,completed,2024-12-16 16:09:41,PAY1893940
418,418,net_banking,1826.48,completed,2024-12-25 01:29:50,PAY6557820
419,419,cod,3699.9,completed,2025-04-27 19:36:05,PAY1904322
420,420,upi,2270.48,refunded,2024-12-30 12:25:35,PAY3023332
421,421,card,3501.5,completed,2024-12-05 03:42:22,PAY4707392
422,422,upi,2063.78,completed,2024-12-27 13:29:47,PAY0135462
423,423,cod,5799.48,completed,2025-09-30 11:37:22,PAY1276025
424,424,upi,3385.54,completed,2025-08-06 02:11:02,PAY0826112
425,425,upi,4855.18,completed,2025-07-03 06:19:32,PAY3126163
426,426,upi,4840.46,completed,2025-03-12 18:40:43,PAY2488899
427,427,card,934.7,completed,2024-11-22 12:24:19,PAY5729893
428,428,net_banking,398.38,completed,2025-10-20 18:32:24,PAY7629745
429,429,net_banking,251.1,failed,2025-06-22 13:15:22,PAY4930364
430,430,cod,452.31,initiated,2025-07-14 17:29:18,PAY6871912
431,431,cod,1425.74,completed,2025-03-13 04:50:33,PAY0381876
432,432,card,1610.64,completed,2025-02-07 13:13:55,PAY9208283
433,433,cod,4090.6,completed,2025-03-11 11:25:00,PAY2308981
434,434,card,883.79,initiated,2025-04-02 09:57:15,PAY3881588
435,435,card,2416.87,completed,2025-06-13 11:04:08,PAY1445822
436,436,net_banking,3884.9,failed,2024-12-17 10:39:34,PAY0673231
437,437,cod,618.15,completed,2024-12-05 03:38:51,PAY8297168
438,438,card,1344.01,completed,2024-11-14 13:18:45,PAY1572450
439,439,card,3647.19,completed,2025-05-21 08:11:20,PAY0000015
440,440,net_banking,7569.38,initiated,2024-11-22 22:23:44,PAY2911371
441,441,card,3974.37,completed,2025-08-12 09:15:27,PAY7850902
442,442,upi,4369.65,initiated,2025-10-23 05:03:09,PAY5561844
443,443,net_banking,5337.94,completed,2025-05-12 00:03:35,PAY4218299
444,444,card,1146.84,completed,2025-06-06 12:54:43,PAY8747812
445,445,cod,95.64,failed,2025-09-10 03:54:55,PAY2489056
446,446,card,3153.92,refunded,2024-12-26 05:58:10,PAY7086700
447,447,upi,4942.53,completed,2024-12-21 20:54:08,PAY9004365
448,448,net_banking,1337.72,completed,2025-05-27 23:07:33,PAY5158482
449,449,upi,531.2,refunded,2025-07-06 03:44:08,PAY6691362
450,450,cod,2342.2,failed,2025-03-15 18:57:40,PAY4835505
451,451,cod,975.24,completed,2025-01-07 14:33:37,PAY4296080
452,452,card,2984.36,completed,2024-11-30 18:09:01,PAY7063369
453,453,cod,3270.39,completed,2025-08-07 00:50:51,PAY9879509
454,454,card,2510.4,completed,2025-07-01 02:08:32,PAY8221040
455,455,net_banking,1686.67,completed,2025-07-06 09:18:14,PAY1648188
456,456,upi,2086.51,completed,2025-08-26 23:20:50,PAY0442877
457,457,upi,2313.4,failed,2025-03-29 02:58:22,PAY3836381
458,458,cod,3388.12,completed,2025-06-17 07:00:35,PAY6432126
459,459,net_banking,2179.68,refunded,2024-12-07 16:13:39,PAY9428946
460,460,card,1580.55,completed,2025-09-03 12:11:30,PAY4203625
461,461,net_banking,4146.5,failed,2025-09-02 17:28:45,PAY8631441
462,462,cod,4143.8,completed,2025-11-08 13:58:46,PAY7064625
463,463,card,1540.8,completed,2025-09-14 08:05:16,PAY5402635
464,464,net_banking,5337.89,initiated,2025-10-08 11:12:43,PAY5824301
465,465,card,741.75,completed,2025-07-27 04:45:21,PAY7646448
466,466,upi,4916.68,failed,2024-11-20 16:53:43,PAY9880315
467,467,cod,2085.84,refunded,2025-04-25 02:06:53,PAY3888245
468,468,net_banking,219.51,completed,2024-11-24 08:36:09,PAY2790504
469,469,upi,2728.43,completed,2024-12-14 21:33:23,PAY0433335
470,470,cod,2734.18,completed,2025-06-15 11:12:54,PAY3849516
471,471,card,167.66,completed,2025-02-12 02:26:13,PAY3211197
472,472,card,1619.5,initiated,2025-02-11 17:39:44,PAY8718093
473,473,upi,511.08,completed,2025-04-26 22:26:40,PAY3913732
474,474,upi,886.48,completed,2025-08-29 22:05:50,PAY6530601
475,475,upi,5198.87,completed,2025-03-08 10:51:25,PAY1987561
476,476,card,5770.11,completed,2025-08-22 13:30:19,PAY7868800
477,477,upi,5743.92,completed,2025-05-25 00:57:29,PAY2300915
478,478,cod,1240.13,refunded,2025-03-06 05:08:20,PAY6182980
479,479,net_banking,2696.45,initiated,2025-06-11 10:38:10,PAY3657744
480,480,upi,4175.34,initiated,2025-08-19 14:24:19,PAY9160936
481,481,net_banking,121.77,completed,2025-03-21 13:34:09,PAY5952014
482,482,upi,1650.05,completed,2025-08-03 01:57:04,PAY9118941
483,483,net_banking,2748.04,completed,2024-11-29 14:40:26,PAY8433687
484,484,cod,3969.57,completed,2025-06-13 11:25:32,PAY5092632
485,485,net_banking,396.87,completed,2025-03-29 12:54:48,PAY2399821
486,486,upi,1833.01,refunded,2025-09-10 04:55:52,PAY3745561
487,487,upi,12.8,failed,2025-06-10 15:33:02,PAY1404288
488,488,card,2611.11,completed,2025-09-08 09:10:56,PAY6050537
489,489,cod,1809.24,completed,2025-11-03 05:04:17,PAY6660811
490,490,card,4647.49,completed,2025-09-01 17:55:52,PAY2600308
491,491,card,251.1,completed,2025-01-28 21:20:18,PAY3566910
492,492,upi,5658.98,completed,2025-03-02 17:39:39,PAY6271531
493,493,upi,2815.79,initiated,2025-06-21 03:56:55,PAY2345506
494,494,card,2894.38,completed,2024-12-07 08:33:28,PAY8826917
495,495,upi,742.3,completed,2025-03-19 13:01:36,PAY7682938
496,496,cod,1870.86,completed,2025-05-25 20:36:02,PAY4401348
497,497,net_banking,1993.18,initiated,2025-06-05 16:01:05,PAY0873543
498,498,cod,1198.28,failed,2024-11-16 17:53:53,PAY7882603
499,499,card,1959.59,completed,2025-03-28 10:50:58,PAY3591015
500,500,card,896.7,completed,2025-01-12 15:31:14,PAY7090859
501,501,card,3254.58,completed,2025-09-23 23:05:25,PAY9144920
502,502,cod,778.45,completed,2025-05-16 16:01:26,PAY7492699
503,503,upi,3101.12,refunded,2025-10-04 05:37:27,PAY9699648
504,504,net_banking,5164.97,completed,2025-09-09 18:53:30,PAY9971842
505,505,upi,3507.26,completed,2025-11-03 08:48:42,PAY8596932
506,506,net_banking,7993.89,refunded,2025-10-15 16:03:00,PAY5914084
507,507,card,1464.66,completed,2024-12-16 16:15:40,PAY9932312
508,508,card,3145.56,completed,2025-01-19 06:29:51,PAY3426698
509,509,upi,585.34,completed,2025-01-10 18:12:33,PAY0690872
510,510,net_banking,2427.24,completed,2025-05-14 12:00:57,PAY6176072
511,511,cod,1306.24,initiated,2025-09-16 19:43:18,PAY3483893
512,512,card,3308.03,completed,2025-01-22 06:04:02,PAY5953828
513,513,net_banking,314.3,completed,2025-06-05 16:18:28,PAY0405612
514,514,net_banking,2153.63,completed,2025-08-13 06:53:33,PAY9965082
515,515,net_banking,1857.77,completed,2025-11-07 13:19:28,PAY6958264
516,516,card,2288.03,completed,2025-01-15 05:21:29,PAY1869656
517,517,upi,3942.16,completed,2025-02-20 15:52:49,PAY1308761
518,518,cod,1677.69,initiated,2025-08-12 12:02:35,PAY2385951
519,519,cod,1154.92,completed,2025-01-07 17:38:21,PAY4346823
520,520,net_banking,3913.97,completed,2025-05-02 23:02:36,PAY9484002
521,521,card,5617.01,refunded,2025-10-03 08:51:43,PAY7300869
522,522,cod,3202.12,completed,2025-05-23 03:07:09,PAY6610168
523,523,card,8388.58,completed,2025-01-26 12:52:32,PAY3113950
524,524,net_banking,1532.22,completed,2025-10-04 10:10:24,PAY0168094
525,525,net_banking,3500.28,completed,2025-08-01 18:25:57,PAY1491507
526,526,cod,4359.66,refunded,2025-09-15 14:21:16,PAY6283976
527,527,cod,2111.16,completed,2024-12-31 15:26:16,PAY2053440
528,528,cod,1733.71,completed,2025-03-10 04:28:22,PAY7779462
529,529,card,5339.44,refunded,2025-10-27 03:03:08,PAY0726629
530,530,cod,340.17,completed,2025-09-01 10:34:15,PAY2508177
531,531,cod,5840.24,completed,2025-08-09 01:16:03,PAY6029914
532,532,upi,676.77,completed,2025-07-05 03:36:17,PAY0688413
533,533,net_banking,4912.4,completed,2025-03-27 18:09:43,PAY3373125
534,534,net_banking,846.52,refunded,2025-08-31 23:49:47,PAY5235617
535,535,upi,744.1,completed,2025-01-18 05:19:21,PAY8170321
536,536,net_banking,127.75,completed,2025-01-22 22:12:41,PAY1920613
537,537,upi,2259.87,completed,2025-05-13 15:12:15,PAY6385277
538,538,upi,449.06,completed,2024-11-25 20:09:41,PAY8956133
539,539,cod,4114.55,completed,2024-12-19 19:37:54,PAY7184449
540,540,net_banking,1533.24,completed,2025-06-16 22:26:38,PAY0295026
541,541,net_banking,5579.87,refunded,2025-08-07 00:54:22,PAY4801644
542,542,upi,1019.73,refunded,2025-05-16 02:47:50,PAY0373416
543,543,card,5945.2,completed,2025-08-19 18:06:19,PAY7812778
544,544,cod,3322.88,completed,2025-04-05 18:12:35,PAY2210217
545,545,cod,3884.0,completed,2025-08-13 04:32:01,PAY9821348
546,546,net_banking,257.4,completed,2025-01-13 12:13:36,PAY6298579
547,547,net_banking,2339.88,failed,2025-08-21 11:41:08,PAY7363831
548,548,upi,2849.72,initiated,2024-12-09 13:49:03,PAY8285605
549,549,net_banking,2083.67,completed,2025-03-22 11:28:58,PAY3970798
550,550,cod,1818.37,completed,2024-11-30 01:48:35,PAY6617706
551,551,net_banking,504.33,completed,2025-02-03 05:08:57,PAY7368205
552,552,upi,2829.34,completed,2024-11-18 04:50:52,PAY0682122
553,553,cod,2128.88,completed,2025-03-22 01:36:15,PAY3552165
554,554,cod,2613.02,completed,2025-01-16 21:22:10,PAY0587146
555,555,cod,3247.1,completed,2025-05-16 19:31:46,PAY9218219
556,556,net_banking,659.83,completed,2025-07-03 15:59:19,PAY2596790
557,557,net_banking,206.05,completed,2024-12-06 00:22:56,PAY8984369
558,558,card,3667.82,completed,2024-11-23 16:55:02,PAY9848022
559,559,cod,1553.24,completed,2025-09-13 21:05:06,PAY0509386
560,560,net_banking,3008.39,completed,2024-12-13 05:59:17,PAY9484249
561,561,card,12.8,completed,2025-08-17 20:04:00,PAY5988114
562,562,net_banking,4913.89,initiated,2025-09-23 12:57:53,PAY5788707
563,563,upi,1863.0,failed,2025-03-24 01:21:44,PAY1523867
564,564,upi,921.14,refunded,2025-09-08 09:43:44,PAY6738209
565,565,net_banking,2139.9,completed,2024-11-21 21:35:34,PAY7461917
566,566,card,1128.92,completed,2025-01-24 00:31:26,PAY7987682
567,567,cod,38.4,initiated,2025-09-10 09:35:36,PAY9968722
568,568,card,3085.0,completed,2025-07-01 18:57:09,PAY5893708
569,569,net_banking,4738.11,completed,2025-02-04 06:13:25,PAY5806235
570,570,cod,492.88,completed,2025-09-22 12:29:09,PAY0405669
571,571,card,167.66,completed,2024-11-20 15:06:45,PAY5790012
572,572,cod,3475.94,completed,2025-01-08 03:52:57,PAY4825544
573,573,cod,2462.73,completed,2025-07-29 05:00:02,PAY2867963
574,574,card,511.0,completed,2025-07-14 01:31:03,PAY2594232
575,575,upi,1561.76,completed,2024-12-20 07:01:12,PAY8946338
576,576,net_banking,5054.84,completed,2025-07-27 09:55:52,PAY9156241
577,577,card,3478.86,completed,2025-08-20 00:09:09,PAY5285725
578,578,cod,7400.13,completed,2025-04-09 00:50:44,PAY6292693
579,579,upi,1764.66,completed,2024-11-19 01:44:53,PAY3589513
580,580,cod,2985.72,refunded,2025-09-23 21:20:27,PAY8186550
581,581,net_banking,2281.79,completed,2025-08-18 06:21:54,PAY7846850
582,582,upi,2904.04,completed,2025-09-13 08:48:33,PAY9574430
583,583,net_banking,3581.18,completed,2025-10-07 21:44:05,PAY3491891
584,584,net_banking,4998.58,completed,2025-10-13 18:29:14,PAY1797203
585,585,cod,4423.12,refunded,2025-08-01 00:57:39,PAY8593401
586,586,card,5283.14,completed,2024-12-11 22:54:56,PAY5364154
587,587,cod,1656.54,completed,2025-05-03 15:09:14,PAY7155313
588,588,upi,1386.14,completed,2024-12-28 08:27:07,PAY2593678
589,589,upi,3909.16,completed,2025-10-07 13:30:03,PAY1367500
590,590,upi,6458.12,completed,2025-09-13 18:17:58,PAY9421410
591,591,upi,1701.4,completed,2025-04-27 06:01:50,PAY5276981
592,592,upi,2967.8,completed,2025-01-23 15:42:37,PAY9878092
593,593,card,1306.46,completed,2025-02-03 18:57:08,PAY7045238
594,594,cod,3675.56,completed,2024-12-19 15:53:17,PAY8856225
595,595,upi,7187.1,initiated,2024-12-27 18:26:15,PAY8660598
596,596,card,2269.94,completed,2025-06-09 09:05:39,PAY6787442
597,597,net_banking,3678.7,initiated,2025-07-31 17:11:45,PAY2758548
598,598,net_banking,467.35,refunded,2025-03-09 16:31:32,PAY5965594
599,599,net_banking,5553.0,completed,2025-08-16 01:05:45,PAY2824911
600,600,card,127.38,completed,2025-08-16 14:35:00,PAY6502000
